-- MySQL dump 10.13  Distrib 8.0.40, for Win64 (x86_64)
--
-- Host: localhost    Database: ballroomdb
-- ------------------------------------------------------
-- Server version	8.0.40

/*!40101 SET @OLD_CHARACTER_SET_CLIENT=@@CHARACTER_SET_CLIENT */;
/*!40101 SET @OLD_CHARACTER_SET_RESULTS=@@CHARACTER_SET_RESULTS */;
/*!40101 SET @OLD_COLLATION_CONNECTION=@@COLLATION_CONNECTION */;
/*!50503 SET NAMES utf8 */;
/*!40103 SET @OLD_TIME_ZONE=@@TIME_ZONE */;
/*!40103 SET TIME_ZONE='+00:00' */;
/*!40014 SET @OLD_UNIQUE_CHECKS=@@UNIQUE_CHECKS, UNIQUE_CHECKS=0 */;
/*!40014 SET @OLD_FOREIGN_KEY_CHECKS=@@FOREIGN_KEY_CHECKS, FOREIGN_KEY_CHECKS=0 */;
/*!40101 SET @OLD_SQL_MODE=@@SQL_MODE, SQL_MODE='NO_AUTO_VALUE_ON_ZERO' */;
/*!40111 SET @OLD_SQL_NOTES=@@SQL_NOTES, SQL_NOTES=0 */;

--
-- Table structure for table `comp`
--

DROP TABLE IF EXISTS `comp`;
/*!40101 SET @saved_cs_client     = @@character_set_client */;
/*!50503 SET character_set_client = utf8mb4 */;
CREATE TABLE `comp` (
  `id` int NOT NULL AUTO_INCREMENT,
  `name` varchar(100) NOT NULL,
  PRIMARY KEY (`id`)
) ENGINE=InnoDB AUTO_INCREMENT=4 DEFAULT CHARSET=utf8mb4 COLLATE=utf8mb4_0900_ai_ci;
/*!40101 SET character_set_client = @saved_cs_client */;

--
-- Dumping data for table `comp`
--

LOCK TABLES `comp` WRITE;
/*!40000 ALTER TABLE `comp` DISABLE KEYS */;
INSERT INTO `comp` VALUES (1,'Austin Open 2024'),(2,'Dances With Owls 2024'),(3,'Cougar Classic 2024');
/*!40000 ALTER TABLE `comp` ENABLE KEYS */;
UNLOCK TABLES;

--
-- Temporary view structure for view `fifth_place`
--

DROP TABLE IF EXISTS `fifth_place`;
/*!50001 DROP VIEW IF EXISTS `fifth_place`*/;
SET @saved_cs_client     = @@character_set_client;
/*!50503 SET character_set_client = utf8mb4 */;
/*!50001 CREATE VIEW `fifth_place` AS SELECT 
 1 AS `Score`,
 1 AS `Dancers`,
 1 AS `Judge`,
 1 AS `Style`,
 1 AS `Competition`*/;
SET character_set_client = @saved_cs_client;

--
-- Temporary view structure for view `first_place`
--

DROP TABLE IF EXISTS `first_place`;
/*!50001 DROP VIEW IF EXISTS `first_place`*/;
SET @saved_cs_client     = @@character_set_client;
/*!50503 SET character_set_client = utf8mb4 */;
/*!50001 CREATE VIEW `first_place` AS SELECT 
 1 AS `Score`,
 1 AS `Dancers`,
 1 AS `Judge`,
 1 AS `Style`,
 1 AS `Competition`*/;
SET character_set_client = @saved_cs_client;

--
-- Temporary view structure for view `fourth_place`
--

DROP TABLE IF EXISTS `fourth_place`;
/*!50001 DROP VIEW IF EXISTS `fourth_place`*/;
SET @saved_cs_client     = @@character_set_client;
/*!50503 SET character_set_client = utf8mb4 */;
/*!50001 CREATE VIEW `fourth_place` AS SELECT 
 1 AS `Score`,
 1 AS `Dancers`,
 1 AS `Judge`,
 1 AS `Style`,
 1 AS `Competition`*/;
SET character_set_client = @saved_cs_client;

--
-- Table structure for table `judges`
--

DROP TABLE IF EXISTS `judges`;
/*!40101 SET @saved_cs_client     = @@character_set_client */;
/*!50503 SET character_set_client = utf8mb4 */;
CREATE TABLE `judges` (
  `id` int NOT NULL AUTO_INCREMENT,
  `name` varchar(100) NOT NULL,
  PRIMARY KEY (`id`)
) ENGINE=InnoDB AUTO_INCREMENT=13 DEFAULT CHARSET=utf8mb4 COLLATE=utf8mb4_0900_ai_ci;
/*!40101 SET character_set_client = @saved_cs_client */;

--
-- Dumping data for table `judges`
--

LOCK TABLES `judges` WRITE;
/*!40000 ALTER TABLE `judges` DISABLE KEYS */;
INSERT INTO `judges` VALUES (1,'Phillip Stephens'),(2,'Curtis Prevost'),(3,'Pamelyn Shefman'),(4,'Ryan Lewis'),(5,'Pamela Romano'),(6,'Mark Moy'),(7,'Ryan Ford'),(8,'Viktoria Soto'),(9,'Damon D\'Amico'),(10,'Karen Deffner'),(11,'Uliana Slovskaya'),(12,'Tin Pham-Tran');
/*!40000 ALTER TABLE `judges` ENABLE KEYS */;
UNLOCK TABLES;

--
-- Table structure for table `people`
--

DROP TABLE IF EXISTS `people`;
/*!40101 SET @saved_cs_client     = @@character_set_client */;
/*!50503 SET character_set_client = utf8mb4 */;
CREATE TABLE `people` (
  `id` int NOT NULL AUTO_INCREMENT,
  `name` varchar(100) NOT NULL,
  PRIMARY KEY (`id`)
) ENGINE=InnoDB AUTO_INCREMENT=132 DEFAULT CHARSET=utf8mb4 COLLATE=utf8mb4_0900_ai_ci;
/*!40101 SET character_set_client = @saved_cs_client */;

--
-- Dumping data for table `people`
--

LOCK TABLES `people` WRITE;
/*!40000 ALTER TABLE `people` DISABLE KEYS */;
INSERT INTO `people` VALUES (1,'Millen Loa & Vennila Natarajan'),(2,'Joshua Maxwell & Emily Martinez'),(3,'Ryan Boyce & Malini Prasad'),(4,'Seth Lowery & Jennifer Le'),(5,'Eythan Karp & Naila Hajiyeva'),(6,'Joshua Hillis & Sophia Bombach'),(7,'Rodrigo Brandao & Eve Nguyen'),(8,'Daniel Maxenberger & Sandy Baadsgaard'),(9,'Anthony Karam & Subarna Mandal'),(10,'Trevor Hastings & Audrey Rupley'),(11,'Pascual Ortiz & Hannah Seymour'),(12,'Dylan Powell & Anne Hulme'),(13,'Grant MacDonald & Delaney Gaston'),(14,'Parker Holland & Kira Murillo'),(15,'Jaryd Domine & Anne Hulme'),(16,'Kireeti Singam Setty & Jacqueline McCoy'),(17,'Millen Loa & Delaney Gaston'),(18,'Cady Johnson & Julian Herrera'),(19,'Trevor Hastings & Nicole Deichl'),(20,'Bryce Shurts & Vennila Natarajan'),(21,'Grace Dreifuerst & Malini Prasad'),(22,'Alfredo Espinoza & Angelina Covey'),(23,'Bohdan Potochnyak & Mariam Galstyan'),(24,'Steven Callahan & Eve Nguyen'),(25,'Clayton Helms & Paulina Volkova'),(26,'Tyler Dinh & Khanh Thi Nguyen'),(27,'Seth Lowery & Amanda Jones'),(28,'Ryan Boyce & Gina Gates'),(29,'Sophia Cha & Nicole Imming'),(30,'Clayton Ramsey & Pearl Zhang'),(31,'Damien Young & Ebony Tatmon'),(32,'Bryan Bowling & Lindsey Szabo'),(33,'Julian Herrera & Cady Johnson'),(34,'Juseong Park & Jacqueline McCoy'),(35,'Bohdan Potochnyak & Valentina Soto'),(36,'Kyle Swisher & Maggie Kamholz'),(37,'Clayton Ramsey & Amy Danjul'),(38,'Tyler Dinh & Sumana Akhi'),(39,'Rodrigo Brandao & Natalie Chavez'),(40,'Rohit M & Nicole Bressler'),(41,'Sameer Dambal & Celide Bazan'),(42,'Kristanna Jean & Erin Kiszka'),(43,'Hector Yunta Rico & Emma Rodriguez'),(44,'Jake Letkemann & Nicole Deichl'),(45,'Hudson Ritchie & Miranda Eden'),(46,'Jack Graham & Ella Mitchell'),(47,'Anthony Karam & Paulina Volkova'),(49,'Evan Frenklak & Shripriya Rao'),(50,'Veronica Paz & Ava Carson'),(51,'Ella Mackenzie & Ell Roseborrough'),(52,'Ell Roseborrough & Ava Carson'),(53,'Jake Letkemann & Vivianna Massaro'),(54,'Kaustubh Sonawane & Alyssa Chan'),(55,'Chinonso Obiefule & Stephanie Gonzalez'),(56,'Vikas Kumar & Emily Harrison'),(57,'Kaya Bayazitoglu & Emma Rodriguez'),(58,'Jaryd Domine & Delphina Rivas'),(59,'Kristanna Jean & Nikafareed Papari'),(60,'Julian Herrera & Mariana Rivas Varela'),(61,'Victoria Tatum & Cady Johnson'),(62,'Champers Fu & Mac Kang'),(63,'Jasmine Bisett & Natalie Chavez'),(64,'Vardhan Koripally & Krystal Cortez'),(65,'Benjamin Pryor & Lindsey Szabo'),(67,'Presley Priddy & Bailey Gunn'),(68,'Samuel Billalba & Alexis Tondre'),(69,'Alexander Chamales & Robyn Johnson'),(70,'Anisha Sunesara & Ciara Castro'),(71,'Matt Rogers & Miranda Eden'),(72,'Alondra Gomez & Ximena Gomez'),(73,'Dayanna Diaz & Janelly Rivera'),(74,'Josie Vargas & Kimberly Silva'),(75,'Dalya Al Zaidi & Jenay Garcia'),(76,'Patricia Canizalez & Amy Saldana'),(77,'Lala Dobson & Christina Williams'),(78,'Alejandro Benavides Aguilar & Margaret Godfrey'),(79,'Alec Weigel & Cady Johnson'),(80,'Michael Byrd & Celeste Hoover'),(81,'Emily Martinez & Allegria Manganiello'),(82,'Mason Chng & Nicole Hinkle'),(83,'Kireeti Singam Setty & Allegria Manganiello'),(84,'Alfredo Espinoza & JoAnn Robledo'),(85,'Lindsey Szabo & Mariana Rivas Varela'),(86,'Allegra Manganiello & Cady Johnson'),(87,'Seth Lowery & Nikafareed Papari'),(88,'Mark Liao & Kailey Kessler'),(89,'Allegra Manganiello & Naila Hajiyeva'),(90,'Alejandro Benavides Aguilar & Kailey Kessler'),(91,'Emily Martinez & Joshua Maxwell'),(92,'Nikafareed Papari & Angelina Covey'),(93,'Alexander Chamales & Mia Unverzagt'),(94,'Rodrigo Brandao & Mac Kang'),(95,'Grant MacDonald & Joy Adeyemo'),(96,'Alfredo Espinoza & Lindsey Szabo'),(97,'Eythan Karp & Lindsey Szabo'),(98,'Noe Leon & Naila Hajiyeva'),(99,'Mason Chng & Kailey Kessler'),(100,'Hallie Anderson & Erin DiGiacamo'),(101,'Samuel Billalba & Emily Seawright'),(102,'Don Sayaseng & Robyn Johnson'),(103,'Kristanna Jean & Kailey Kessler'),(104,'Daniel Maxenberger & Avery Wall'),(105,'Kireeti Singam Setty & Amanda Jones'),(106,'Seth Lowery & Eve Nguyen'),(107,'Jam Jenkins & Claire Beery'),(108,'Parker Holland & Lindsey Szabo'),(109,'Kireeti Singam Setty & Kira Murillo'),(110,'Millen Loa & Anne Hulme'),(111,'Don Sayaseng & Emily Seawright'),(112,'Kireeti Singam Setty & Cady Johnson'),(113,'Rodrigo Brandao & Nikafareed Papari'),(114,'Claire Beery & Jam Jenkins'),(115,'Payton Crowne & Avery McGoldrick'),(116,'Will Siegel & Grace Martin'),(117,'James Koenig & Anne Hulme'),(118,'Kristanna Jean & Emma Rodriguez'),(119,'Bryce Shurts & Joy Adeyemo'),(120,'Samuel Billalba & Mia Unverzagt'),(121,'Samuel Billalba & Robyn Johnson'),(122,'Matthew Drago & Vivianna Massaro'),(123,'Phu Vu & Robyn Johnson'),(124,'vikas kumar & Stephanie Gonzalez'),(125,'Alexander Zinke & Erika Williams'),(126,'vikas kumar & Emily Harrison'),(127,'Payton Crowne & Sandy Baadsgaard'),(128,'Jaryd Domine & Monica Limberg'),(129,'Matthew Soon & Jinha Kim'),(130,'Will Siegel & Avery McGoldrick'),(131,'Bennett Pappalexis & Avery McGoldrick');
/*!40000 ALTER TABLE `people` ENABLE KEYS */;
UNLOCK TABLES;

--
-- Table structure for table `scores`
--

DROP TABLE IF EXISTS `scores`;
/*!40101 SET @saved_cs_client     = @@character_set_client */;
/*!50503 SET character_set_client = utf8mb4 */;
CREATE TABLE `scores` (
  `score_id` int NOT NULL AUTO_INCREMENT,
  `judge_id` int DEFAULT NULL,
  `people_id` int DEFAULT NULL,
  `style_id` int DEFAULT NULL,
  `score` int NOT NULL,
  `comp_id` int DEFAULT NULL,
  PRIMARY KEY (`score_id`),
  KEY `judge_id` (`judge_id`),
  KEY `people_id` (`people_id`),
  KEY `style_id` (`style_id`),
  KEY `comp_id` (`comp_id`),
  CONSTRAINT `comp_id` FOREIGN KEY (`comp_id`) REFERENCES `comp` (`id`),
  CONSTRAINT `scores_ibfk_1` FOREIGN KEY (`judge_id`) REFERENCES `judges` (`id`),
  CONSTRAINT `scores_ibfk_2` FOREIGN KEY (`people_id`) REFERENCES `people` (`id`),
  CONSTRAINT `scores_ibfk_3` FOREIGN KEY (`style_id`) REFERENCES `style` (`id`)
) ENGINE=InnoDB AUTO_INCREMENT=3439 DEFAULT CHARSET=utf8mb4 COLLATE=utf8mb4_0900_ai_ci;
/*!40101 SET character_set_client = @saved_cs_client */;

--
-- Dumping data for table `scores`
--

LOCK TABLES `scores` WRITE;
/*!40000 ALTER TABLE `scores` DISABLE KEYS */;
INSERT INTO `scores` VALUES (1,1,1,1,1,1),(2,1,2,1,2,1),(3,1,3,1,3,1),(4,1,4,1,5,1),(5,1,5,1,4,1),(6,1,6,1,6,1),(7,2,1,1,1,1),(8,2,2,1,2,1),(9,2,3,1,3,1),(10,2,4,1,4,1),(11,2,5,1,5,1),(12,2,6,1,6,1),(13,3,1,1,1,1),(14,3,2,1,2,1),(15,3,3,1,3,1),(16,3,4,1,5,1),(17,3,5,1,4,1),(18,3,6,1,6,1),(19,4,1,1,1,1),(20,4,2,1,2,1),(21,4,3,1,5,1),(22,4,4,1,3,1),(23,4,5,1,4,1),(24,4,6,1,6,1),(25,5,1,1,1,1),(26,5,2,1,3,1),(27,5,3,1,4,1),(28,5,4,1,2,1),(29,5,5,1,5,1),(30,5,6,1,6,1),(31,1,1,2,1,1),(32,1,2,2,2,1),(33,1,3,2,3,1),(34,1,4,2,7,1),(35,1,7,2,4,1),(36,1,5,2,5,1),(37,1,8,2,6,1),(38,1,9,2,8,1),(39,1,10,2,9,1),(40,2,1,2,1,1),(41,2,2,2,2,1),(42,2,3,2,3,1),(43,2,4,2,7,1),(44,2,7,2,4,1),(45,2,5,2,5,1),(46,2,8,2,9,1),(47,2,9,2,7,1),(48,2,10,2,8,1),(49,3,1,2,1,1),(50,3,2,2,3,1),(51,3,3,2,2,1),(52,3,4,2,6,1),(53,3,7,2,5,1),(54,3,5,2,7,1),(55,3,8,2,4,1),(56,3,9,2,9,1),(57,3,10,2,8,1),(58,4,1,2,1,1),(59,4,2,2,2,1),(60,4,3,2,3,1),(61,4,4,2,4,1),(62,4,7,2,7,1),(63,4,5,2,6,1),(64,4,8,2,5,1),(65,4,9,2,8,1),(66,4,10,2,9,1),(67,5,1,2,2,1),(68,5,2,2,3,1),(69,5,3,2,6,1),(70,5,4,2,1,1),(71,5,7,2,5,1),(72,5,5,2,4,1),(73,5,8,2,8,1),(74,5,9,2,7,1),(75,5,10,2,9,1),(76,1,1,3,1,1),(77,1,2,3,2,1),(78,1,11,3,4,1),(79,1,4,3,5,1),(80,1,5,3,3,1),(81,1,6,3,6,1),(82,1,12,3,7,1),(83,2,1,3,1,1),(84,2,2,3,2,1),(85,2,11,3,3,1),(86,2,4,3,4,1),(87,2,5,3,6,1),(88,2,6,3,5,1),(89,2,12,3,7,1),(90,3,1,3,1,1),(91,3,2,3,3,1),(92,3,11,3,4,1),(93,3,4,3,5,1),(94,3,5,3,2,1),(95,3,6,3,6,1),(96,3,12,3,7,1),(97,4,1,3,1,1),(98,4,2,3,2,1),(99,4,11,3,3,1),(100,4,4,3,4,1),(101,4,5,3,6,1),(102,4,6,3,7,1),(103,4,12,3,5,1),(104,5,1,3,1,1),(105,5,2,3,3,1),(106,5,11,3,4,1),(107,5,4,3,2,1),(108,5,5,3,5,1),(109,5,6,3,7,1),(110,5,12,3,6,1),(111,1,1,4,1,1),(112,1,2,4,3,1),(113,1,3,4,2,1),(114,1,4,4,5,1),(115,1,11,4,4,1),(116,1,5,4,6,1),(117,1,7,4,7,1),(118,1,12,4,8,1),(119,2,1,4,2,1),(120,2,2,4,5,1),(121,2,3,4,3,1),(122,2,4,4,1,1),(123,2,11,4,4,1),(124,2,5,4,6,1),(125,2,7,4,7,1),(126,2,12,4,8,1),(127,3,1,4,1,1),(128,3,2,4,2,1),(129,3,3,4,3,1),(130,3,4,4,4,1),(131,3,11,4,5,1),(132,3,5,4,8,1),(133,3,7,4,7,1),(134,3,12,4,6,1),(135,4,1,4,1,1),(136,4,2,4,2,1),(137,4,3,4,3,1),(138,4,4,4,5,1),(139,4,11,4,8,1),(140,4,5,4,7,1),(141,4,7,4,6,1),(142,4,12,4,4,1),(143,5,1,4,2,1),(144,5,2,4,3,1),(145,5,3,4,4,1),(146,5,4,4,1,1),(147,5,11,4,6,1),(148,5,5,4,5,1),(149,5,7,4,7,1),(150,5,12,4,8,1),(151,1,1,5,1,1),(152,1,2,5,3,1),(153,1,3,5,2,1),(154,1,4,5,6,1),(155,1,5,5,4,1),(156,1,13,5,7,1),(157,1,7,5,5,1),(158,2,1,5,1,1),(159,2,2,5,2,1),(160,2,3,5,3,1),(161,2,4,5,4,1),(162,2,5,5,6,1),(163,2,13,5,7,1),(164,2,7,5,5,1),(165,3,1,5,1,1),(166,3,2,5,3,1),(167,3,3,5,2,1),(168,3,4,5,6,1),(169,3,5,5,5,1),(170,3,13,5,4,1),(171,3,7,5,7,1),(172,4,1,5,1,1),(173,4,2,5,2,1),(174,4,3,5,4,1),(175,4,4,5,3,1),(176,4,5,5,6,1),(177,4,13,5,5,1),(178,4,7,5,7,1),(179,5,1,5,3,1),(180,5,2,5,2,1),(181,5,3,5,4,1),(182,5,4,5,1,1),(183,5,5,5,5,1),(184,5,13,5,6,1),(185,5,7,5,7,1),(186,2,14,19,1,1),(187,2,2,19,2,1),(188,2,15,19,8,1),(189,2,4,19,5,1),(190,2,16,19,6,1),(191,2,17,19,4,1),(192,2,5,19,3,1),(193,2,7,19,7,1),(194,4,14,19,2,1),(195,4,2,19,3,1),(196,4,15,19,4,1),(197,4,4,19,6,1),(198,4,16,19,5,1),(199,4,17,19,1,1),(200,4,5,19,7,1),(201,4,7,19,8,1),(202,6,14,19,1,1),(203,6,2,19,3,1),(204,6,15,19,4,1),(205,6,4,19,5,1),(206,6,16,19,2,1),(207,6,17,19,7,1),(208,6,5,19,6,1),(209,6,7,19,8,1),(210,5,14,19,1,1),(211,5,2,19,4,1),(212,5,15,19,2,1),(213,5,4,19,3,1),(214,5,16,19,6,1),(215,5,17,19,5,1),(216,5,5,19,7,1),(217,5,7,19,8,1),(218,7,14,19,1,1),(219,7,2,19,5,1),(220,7,15,19,3,1),(221,7,4,19,4,1),(222,7,16,19,2,1),(223,7,17,19,8,1),(224,7,5,19,6,1),(225,7,7,19,7,1),(226,2,14,20,1,1),(227,2,18,20,8,1),(228,2,2,20,2,1),(229,2,19,20,5,1),(230,2,17,20,6,1),(231,2,20,20,4,1),(232,2,15,20,7,1),(233,2,4,20,9,1),(234,2,5,20,3,1),(235,4,14,20,2,1),(236,4,18,20,1,1),(237,4,2,20,4,1),(238,4,19,20,5,1),(239,4,17,20,3,1),(240,4,20,20,9,1),(241,4,15,20,6,1),(242,4,4,20,8,1),(243,4,5,20,7,1),(244,6,14,20,1,1),(245,6,18,20,2,1),(246,6,2,20,3,1),(247,6,19,20,8,1),(248,6,17,20,5,1),(249,6,20,20,7,1),(250,6,15,20,4,1),(251,6,4,20,6,1),(252,6,5,20,9,1),(253,5,14,20,2,1),(254,5,18,20,7,1),(255,5,2,20,4,1),(256,5,19,20,1,1),(257,5,17,20,5,1),(258,5,20,20,6,1),(259,5,15,20,9,1),(260,5,4,20,3,1),(261,5,5,20,8,1),(262,7,14,20,2,1),(263,7,18,20,1,1),(264,7,2,20,3,1),(265,7,19,20,4,1),(266,7,17,20,8,1),(267,7,20,20,5,1),(268,7,15,20,6,1),(269,7,4,20,7,1),(270,7,5,20,9,1),(271,2,14,21,2,1),(272,2,18,21,3,1),(273,2,2,21,7,1),(274,2,15,21,6,1),(275,2,21,21,1,1),(276,2,19,21,8,1),(277,2,5,21,4,1),(278,2,4,21,9,1),(279,2,17,21,5,1),(280,4,14,21,2,1),(281,4,18,21,1,1),(282,4,2,21,4,1),(283,4,15,21,8,1),(284,4,21,21,6,1),(285,4,19,21,7,1),(286,4,5,21,9,1),(287,4,4,21,3,1),(288,4,17,21,5,1),(289,6,14,21,1,1),(290,6,18,21,3,1),(291,6,2,21,2,1),(292,6,15,21,6,1),(293,6,21,21,4,1),(294,6,19,21,5,1),(295,6,5,21,9,1),(296,6,4,21,7,1),(297,6,17,21,8,1),(298,5,14,21,1,1),(299,5,18,21,4,1),(300,5,2,21,3,1),(301,5,15,21,5,1),(302,5,21,21,9,1),(303,5,19,21,2,1),(304,5,5,21,6,1),(305,5,4,21,8,1),(306,5,17,21,7,1),(307,7,14,21,2,1),(308,7,18,21,1,1),(309,7,2,21,4,1),(310,7,15,21,3,1),(311,7,21,21,8,1),(312,7,19,21,6,1),(313,7,5,21,5,1),(314,7,4,21,7,1),(315,7,17,21,9,1),(316,2,14,22,1,1),(317,2,18,22,6,1),(318,2,19,22,2,1),(319,2,16,22,3,1),(320,2,15,22,5,1),(321,2,2,22,7,1),(322,2,4,22,4,1),(323,4,14,22,1,1),(324,4,18,22,3,1),(325,4,19,22,4,1),(326,4,16,22,6,1),(327,4,15,22,5,1),(328,4,2,22,2,1),(329,4,4,22,7,1),(330,6,14,22,1,1),(331,6,18,22,3,1),(332,6,19,22,7,1),(333,6,16,22,4,1),(334,6,15,22,5,1),(335,6,2,22,2,1),(336,6,4,22,6,1),(337,5,14,22,5,1),(338,5,18,22,2,1),(339,5,19,22,3,1),(340,5,16,22,4,1),(341,5,15,22,6,1),(342,5,2,22,7,1),(343,5,4,22,1,1),(344,7,14,22,5,1),(345,7,18,22,1,1),(346,7,19,22,3,1),(347,7,16,22,2,1),(348,7,15,22,4,1),(349,7,2,22,6,1),(350,7,4,22,7,1),(351,2,22,23,5,1),(352,2,2,23,2,1),(353,2,18,23,1,1),(354,2,7,23,4,1),(355,2,4,23,8,1),(356,2,15,23,6,1),(357,2,19,23,3,1),(358,2,16,23,7,1),(359,2,20,23,9,1),(360,4,22,23,4,1),(361,4,2,23,1,1),(362,4,18,23,2,1),(363,4,7,23,3,1),(364,4,4,23,5,1),(365,4,15,23,9,1),(366,4,19,23,7,1),(367,4,16,23,8,1),(368,4,20,23,6,1),(369,6,22,23,1,1),(370,6,2,23,2,1),(371,6,18,23,4,1),(372,6,7,23,5,1),(373,6,4,23,7,1),(374,6,15,23,6,1),(375,6,19,23,8,1),(376,6,16,23,3,1),(377,6,20,23,9,1),(378,5,22,23,2,1),(379,5,2,23,4,1),(380,5,18,23,6,1),(381,5,7,23,9,1),(382,5,4,23,1,1),(383,5,15,23,3,1),(384,5,19,23,5,1),(385,5,16,23,7,1),(386,5,20,23,8,1),(387,7,22,23,1,1),(388,7,2,23,3,1),(389,7,18,23,2,1),(390,7,7,23,4,1),(391,7,4,23,5,1),(392,7,15,23,6,1),(393,7,19,23,7,1),(394,7,16,23,8,1),(395,7,20,23,9,1),(396,8,23,24,2,2),(397,8,26,24,3,2),(398,8,24,24,7,2),(399,8,29,24,1,2),(400,8,28,24,5,2),(401,8,25,24,4,2),(402,8,30,24,6,2),(403,3,23,24,2,2),(404,3,26,24,1,2),(405,3,24,24,3,2),(406,3,29,24,7,2),(407,3,28,24,4,2),(408,3,25,24,5,2),(409,3,30,24,6,2),(410,9,23,24,7,2),(411,9,26,24,5,2),(412,9,24,24,1,2),(413,9,29,24,3,2),(414,9,28,24,2,2),(415,9,25,24,4,2),(416,9,30,24,6,2),(441,8,2,25,6,2),(442,8,23,25,2,2),(443,8,26,25,3,2),(444,8,29,25,1,2),(445,8,24,25,7,2),(446,8,30,25,5,2),(447,8,28,25,8,2),(448,8,25,25,4,2),(449,3,2,25,2,2),(450,3,23,25,1,2),(451,3,26,25,3,2),(452,3,29,25,8,2),(453,3,24,25,4,2),(454,3,30,25,7,2),(455,3,28,25,5,2),(456,3,25,25,6,2),(457,9,2,25,1,2),(458,9,23,25,8,2),(459,9,26,25,6,2),(460,9,29,25,4,2),(461,9,24,25,3,2),(462,9,30,25,2,2),(463,9,28,25,5,2),(464,9,25,25,7,2),(465,8,30,26,5,2),(466,8,29,26,2,2),(467,8,26,26,1,2),(468,8,28,26,4,2),(469,8,2,26,3,2),(470,8,25,26,6,2),(471,8,27,26,7,2),(472,8,24,26,8,2),(473,3,30,26,1,2),(474,3,29,26,8,2),(475,3,26,26,4,2),(476,3,28,26,7,2),(477,3,2,26,6,2),(478,3,25,26,2,2),(479,3,27,26,5,2),(480,3,24,26,3,2),(481,9,30,26,2,2),(482,9,29,26,3,2),(483,9,26,26,5,2),(484,9,28,26,1,2),(485,9,2,26,4,2),(486,9,25,26,7,2),(487,9,27,26,6,2),(488,9,24,26,8,2),(489,8,23,27,1,2),(490,8,29,27,2,2),(491,8,26,27,3,2),(492,8,27,27,4,2),(493,8,28,27,5,2),(494,3,23,27,3,2),(495,3,29,27,5,2),(496,3,26,27,1,2),(497,3,27,27,2,2),(498,3,28,27,4,2),(499,9,23,27,2,2),(500,9,29,27,1,2),(501,9,26,27,5,2),(502,9,27,27,3,2),(503,9,28,27,4,2),(504,8,2,28,6,2),(505,8,23,28,3,2),(506,8,24,28,2,2),(507,8,25,28,4,2),(508,8,26,28,1,2),(509,8,27,28,5,2),(510,8,28,28,7,2),(511,3,2,28,1,2),(512,3,23,28,4,2),(513,3,24,28,6,2),(514,3,25,28,3,2),(515,3,26,28,5,2),(516,3,27,28,7,2),(517,3,28,28,2,2),(518,9,2,28,1,2),(519,9,23,28,2,2),(520,9,24,28,4,2),(521,9,25,28,7,2),(522,9,26,28,5,2),(523,9,27,28,3,2),(524,9,28,28,6,2),(525,8,31,29,1,2),(526,8,32,29,3,2),(527,8,33,29,2,2),(528,8,2,29,5,2),(529,8,24,29,7,2),(530,8,5,29,6,2),(531,8,27,29,4,2),(532,3,31,29,1,2),(533,3,32,29,2,2),(534,3,33,29,4,2),(535,3,2,29,3,2),(536,3,24,29,5,2),(537,3,5,29,6,2),(538,3,27,29,7,2),(539,9,31,29,4,2),(540,9,32,29,1,2),(541,9,33,29,2,2),(542,9,2,29,7,2),(543,9,24,29,5,2),(544,9,5,29,3,2),(545,9,27,29,6,2),(546,8,31,30,1,2),(547,8,32,30,2,2),(548,8,33,30,3,2),(549,8,24,30,7,2),(550,8,5,30,4,2),(551,8,2,30,5,2),(552,8,27,30,6,2),(553,3,31,30,1,2),(554,3,32,30,2,2),(555,3,33,30,6,2),(556,3,24,30,4,2),(557,3,5,30,3,2),(558,3,2,30,5,2),(559,3,27,30,7,2),(560,9,31,30,4,2),(561,9,32,30,1,2),(562,9,33,30,3,2),(563,9,24,30,2,2),(564,9,5,30,7,2),(565,9,2,30,6,2),(566,9,27,30,5,2),(567,8,31,31,1,2),(568,8,33,31,3,2),(569,8,32,31,2,2),(570,8,2,31,5,2),(571,8,24,31,7,2),(572,8,27,31,6,2),(573,8,5,31,4,2),(574,3,31,31,1,2),(575,3,33,31,2,2),(576,3,32,31,3,2),(577,3,2,31,4,2),(578,3,24,31,5,2),(579,3,27,31,7,2),(580,3,5,31,6,2),(581,9,31,31,1,2),(582,9,33,31,3,2),(583,9,32,31,4,2),(584,9,2,31,6,2),(585,9,24,31,5,2),(586,9,27,31,2,2),(587,9,5,31,7,2),(630,8,31,32,1,2),(631,8,32,32,2,2),(632,8,33,32,3,2),(633,8,2,32,4,2),(634,8,24,32,7,2),(635,8,5,32,6,2),(636,8,27,32,5,2),(637,3,31,32,1,2),(638,3,32,32,3,2),(639,3,33,32,4,2),(640,3,2,32,2,2),(641,3,24,32,5,2),(642,3,5,32,6,2),(643,3,27,32,7,2),(644,9,31,32,2,2),(645,9,32,32,1,2),(646,9,33,32,3,2),(647,9,2,32,5,2),(648,9,24,32,4,2),(649,9,5,32,6,2),(650,9,27,32,7,2),(651,8,31,33,1,2),(652,8,2,33,2,2),(653,8,33,33,3,2),(654,8,32,33,4,2),(655,8,24,33,6,2),(656,8,5,33,7,2),(657,8,27,33,5,2),(658,3,31,33,1,2),(659,3,2,33,3,2),(660,3,33,33,6,2),(661,3,32,33,5,2),(662,3,24,33,4,2),(663,3,5,33,2,2),(664,3,27,33,7,2),(665,9,31,33,4,2),(666,9,2,33,5,2),(667,9,33,33,3,2),(668,9,32,33,1,2),(669,9,24,33,2,2),(670,9,5,33,6,2),(671,9,27,33,7,2),(672,8,30,34,1,2),(673,10,30,34,7,2),(674,11,30,34,2,2),(675,8,25,34,2,2),(676,10,25,34,2,2),(677,11,25,34,4,2),(678,8,5,34,4,2),(679,10,5,34,1,2),(680,11,5,34,3,2),(681,8,24,34,7,2),(682,10,24,34,3,2),(683,11,24,34,1,2),(684,8,31,34,3,2),(685,10,31,34,4,2),(686,11,31,34,5,2),(687,8,29,34,5,2),(688,10,29,34,5,2),(689,11,29,34,7,2),(690,8,26,34,6,2),(691,10,26,34,6,2),(692,11,26,34,6,2),(693,8,30,35,1,2),(694,10,30,35,3,2),(695,11,30,35,1,2),(696,8,5,35,3,2),(697,10,5,35,2,2),(698,11,5,35,2,2),(699,8,25,35,2,2),(700,10,25,35,6,2),(701,11,25,35,3,2),(702,8,34,35,6,2),(703,10,34,35,3,2),(704,11,34,35,4,2),(705,8,29,35,4,2),(706,10,29,35,4,2),(707,11,29,35,7,2),(708,8,28,35,5,2),(709,10,28,35,1,2),(710,11,28,35,6,2),(711,8,2,35,7,2),(712,10,2,35,5,2),(713,11,2,35,5,2),(714,8,31,36,2,2),(715,10,31,36,1,2),(716,11,31,36,2,2),(717,8,5,36,1,2),(718,10,5,36,2,2),(719,11,5,36,5,2),(720,8,25,36,3,2),(721,10,25,36,3,2),(722,11,25,36,3,2),(723,8,24,36,4,2),(724,10,24,36,5,2),(725,11,24,36,1,2),(726,8,28,36,5,2),(727,10,28,36,4,2),(728,11,28,36,6,2),(729,8,30,36,6,2),(730,10,30,36,6,2),(731,11,30,36,4,2),(732,8,30,38,1,2),(733,10,30,38,4,2),(734,11,30,38,2,2),(735,8,24,38,4,2),(736,10,24,38,3,2),(737,11,24,38,1,2),(738,8,25,38,5,2),(739,10,25,38,1,2),(740,11,25,38,3,2),(741,8,34,38,2,2),(742,10,34,38,7,2),(743,11,34,38,4,2),(744,8,2,38,7,2),(745,10,2,38,5,2),(746,11,2,38,5,2),(747,8,28,38,6,2),(748,10,28,38,2,2),(749,11,28,38,6,2),(750,8,27,38,8,2),(751,10,27,38,6,2),(752,11,27,38,8,2),(753,8,5,38,3,2),(754,10,5,38,8,2),(755,11,5,38,7,2),(756,8,30,37,1,2),(757,10,30,37,4,2),(758,11,30,37,1,2),(759,8,31,37,2,2),(760,10,31,37,1,2),(761,11,31,37,2,2),(762,8,5,37,3,2),(763,10,5,37,3,2),(764,11,5,37,3,2),(765,8,28,37,4,2),(766,10,28,37,2,2),(767,11,28,37,6,2),(768,8,2,37,5,2),(769,10,2,37,5,2),(770,11,2,37,4,2),(771,8,27,37,6,2),(772,10,27,37,6,2),(773,11,27,37,5,2),(774,8,35,39,1,2),(775,10,35,39,4,2),(776,11,35,39,1,2),(777,8,36,39,2,2),(778,10,36,39,2,2),(779,11,36,39,2,2),(780,8,33,39,3,2),(781,10,33,39,1,2),(782,11,33,39,3,2),(783,8,34,39,4,2),(784,10,34,39,3,2),(785,11,34,39,4,2),(786,8,5,39,6,2),(787,10,5,39,5,2),(788,11,5,39,5,2),(789,8,24,39,5,2),(790,10,24,39,6,2),(791,11,24,39,6,2),(792,8,36,40,1,2),(793,10,36,40,2,2),(794,11,36,40,2,2),(795,8,33,40,2,2),(796,10,33,40,1,2),(797,11,33,40,3,2),(798,8,35,40,3,2),(799,10,35,40,7,2),(800,11,35,40,1,2),(801,8,34,40,7,2),(802,10,34,40,4,2),(803,11,34,40,4,2),(804,8,5,40,6,2),(805,10,5,40,3,2),(806,11,5,40,5,2),(807,8,31,40,5,2),(808,10,31,40,5,2),(809,11,31,40,7,2),(810,8,24,40,4,2),(811,10,24,40,6,2),(812,11,24,40,6,2),(813,8,36,41,1,2),(814,10,36,41,1,2),(815,11,36,41,3,2),(816,8,33,41,3,2),(817,10,33,41,2,2),(818,11,33,41,1,2),(819,8,35,41,2,2),(820,10,35,41,6,2),(821,11,35,41,2,2),(822,8,31,41,4,2),(823,10,31,41,3,2),(824,11,31,41,6,2),(825,8,34,41,5,2),(826,10,34,41,4,2),(827,11,34,41,4,2),(828,8,5,41,6,2),(829,10,5,41,5,2),(830,11,5,41,5,2),(831,8,33,42,3,2),(832,10,33,42,1,2),(833,11,33,42,2,2),(834,8,36,42,1,2),(835,10,36,42,2,2),(836,11,36,42,3,2),(837,8,35,42,2,2),(838,10,35,42,6,2),(839,11,35,42,1,2),(840,8,34,42,4,2),(841,10,34,42,4,2),(842,11,34,42,4,2),(843,8,5,42,6,2),(844,10,5,42,3,2),(845,11,5,42,5,2),(846,8,31,42,5,2),(847,10,31,42,5,2),(848,11,31,42,7,2),(849,8,24,42,4,2),(850,10,24,42,6,2),(851,11,24,42,6,2),(852,8,35,43,1,2),(853,10,35,43,7,2),(854,11,35,43,1,2),(855,8,36,43,2,2),(856,10,36,43,4,2),(857,11,36,43,2,2),(858,8,33,43,3,2),(859,10,33,43,3,2),(860,11,33,43,3,2),(861,8,31,43,4,2),(862,10,31,43,1,2),(863,11,31,43,5,2),(864,8,5,43,5,2),(865,10,5,43,2,2),(866,11,5,43,4,2),(867,8,2,43,6,2),(868,10,2,43,6,2),(869,11,2,43,6,2),(870,8,27,43,7,2),(871,10,27,43,5,2),(872,11,27,43,7,2),(873,12,38,44,1,2),(874,3,38,44,2,2),(875,10,38,44,3,2),(876,12,28,44,2,2),(877,3,28,44,1,2),(878,10,28,44,4,2),(879,12,41,44,3,2),(880,3,41,44,3,2),(881,10,41,44,1,2),(882,12,37,44,7,2),(883,3,37,44,5,2),(884,10,37,44,2,2),(885,12,39,44,4,2),(886,3,39,44,7,2),(887,10,39,44,5,2),(888,12,11,44,5,2),(889,3,11,44,4,2),(890,10,11,44,7,2),(891,12,40,44,6,2),(892,3,40,44,8,2),(893,10,40,44,6,2),(894,12,42,44,8,2),(895,3,42,44,6,2),(896,10,42,44,8,2),(897,12,28,45,2,2),(898,3,28,45,1,2),(899,10,28,45,2,2),(900,12,37,45,7,2),(901,3,37,45,2,2),(902,10,37,45,1,2),(903,12,38,45,3,2),(904,3,38,45,3,2),(905,10,38,45,7,2),(906,12,11,45,1,2),(907,3,11,45,4,2),(908,10,11,45,5,2),(909,12,39,45,4,2),(910,3,39,45,7,2),(911,10,39,45,4,2),(912,12,40,45,5,2),(913,3,40,45,8,2),(914,10,40,45,6,2),(915,12,41,45,6,2),(916,3,41,45,5,2),(917,10,41,45,6,2),(918,12,42,45,8,2),(919,3,42,45,6,2),(920,10,42,45,8,2),(921,12,28,48,1,2),(922,3,28,48,2,2),(923,10,28,48,1,2),(924,12,38,48,2,2),(925,3,38,48,1,2),(926,10,38,48,6,2),(927,12,37,48,6,2),(928,3,37,48,3,2),(929,10,37,48,3,2),(930,12,11,48,4,2),(931,3,11,48,4,2),(932,10,11,48,5,2),(933,12,39,48,4,2),(934,3,39,48,7,2),(935,10,39,48,4,2),(936,12,40,48,5,2),(937,3,40,48,8,2),(938,10,40,48,6,2),(939,12,41,48,6,2),(940,3,41,48,5,2),(941,10,41,48,6,2),(942,12,42,48,8,2),(943,3,42,48,6,2),(944,10,42,48,8,2),(945,12,28,46,1,2),(946,3,28,46,1,2),(947,10,28,46,1,2),(948,12,37,46,2,2),(949,3,37,46,2,2),(950,10,37,46,2,2),(951,12,39,46,3,2),(952,3,39,46,3,2),(953,10,39,46,3,2),(954,12,42,46,4,2),(955,3,42,46,4,2),(956,10,42,46,4,2),(957,12,39,46,5,2),(958,3,39,46,5,2),(959,10,39,46,5,2),(960,12,42,46,6,2),(961,3,42,46,6,2),(962,10,42,46,6,2),(963,12,28,47,1,2),(964,3,28,47,1,2),(965,10,28,47,1,2),(966,12,38,47,2,2),(967,3,38,47,2,2),(968,10,38,47,4,2),(969,12,41,47,3,2),(970,3,41,47,5,2),(971,10,41,47,2,2),(972,12,37,47,4,2),(973,3,37,47,4,2),(974,10,37,47,3,2),(975,12,39,47,6,2),(976,3,39,47,3,2),(977,10,39,47,5,2),(978,12,42,47,5,2),(979,3,42,47,6,2),(980,10,42,47,7,2),(981,12,40,47,7,2),(982,3,40,47,7,2),(983,10,40,47,6,2),(984,12,38,47,8,2),(985,3,38,47,8,2),(986,10,38,47,8,2),(987,12,40,59,1,2),(988,3,40,59,1,2),(989,10,40,59,4,2),(990,12,39,59,2,2),(991,3,39,59,6,2),(992,10,39,59,1,2),(993,12,41,59,3,2),(994,3,41,59,5,2),(995,10,41,59,3,2),(996,12,42,59,5,2),(997,3,42,59,4,2),(998,10,42,59,5,2),(999,12,42,59,6,2),(1000,3,42,59,6,2),(1001,10,42,59,6,2),(1002,12,40,62,1,2),(1003,3,40,62,1,2),(1004,10,40,62,4,2),(1005,12,41,62,2,2),(1006,3,41,62,2,2),(1007,10,41,62,2,2),(1008,12,42,62,6,2),(1009,3,42,62,3,2),(1010,10,42,62,4,2),(1011,12,41,62,4,2),(1012,3,41,62,5,2),(1013,10,41,62,5,2),(1014,12,42,62,6,2),(1015,3,42,62,6,2),(1016,10,42,62,6,2),(1017,12,40,49,1,2),(1018,3,40,49,1,2),(1019,10,40,49,4,2),(1020,12,41,49,2,2),(1021,3,41,49,7,2),(1022,10,41,49,1,2),(1023,12,39,49,2,2),(1024,3,39,49,4,2),(1025,10,39,49,5,2),(1026,12,42,49,4,2),(1027,3,42,49,5,2),(1028,10,42,49,4,2),(1029,12,42,49,6,2),(1030,3,42,49,6,2),(1031,10,42,49,6,2),(1032,12,40,60,1,2),(1033,3,40,60,1,2),(1034,10,40,60,4,2),(1035,12,39,60,2,2),(1036,3,39,60,6,2),(1037,10,39,60,1,2),(1038,12,41,60,3,2),(1039,3,41,60,5,2),(1040,10,41,60,3,2),(1041,12,42,60,4,2),(1042,3,42,60,5,2),(1043,10,42,60,4,2),(1044,12,42,60,6,2),(1045,3,42,60,6,2),(1046,10,42,60,6,2),(1047,12,37,61,2,2),(1048,3,37,61,1,2),(1049,10,37,61,1,2),(1050,12,41,61,1,2),(1051,3,41,61,2,2),(1052,10,41,61,2,2),(1053,12,39,61,3,2),(1054,3,39,61,4,2),(1055,10,39,61,3,2),(1056,12,42,61,4,2),(1057,3,42,61,3,2),(1058,10,42,61,5,2),(1059,12,42,61,6,2),(1060,3,42,61,6,2),(1061,10,42,61,6,2),(1062,12,40,68,1,2),(1063,3,40,68,2,2),(1064,10,40,68,1,2),(1065,12,49,68,2,2),(1066,3,49,68,1,2),(1067,10,49,68,2,2),(1068,12,43,68,4,2),(1069,3,43,68,4,2),(1070,10,43,68,3,2),(1071,12,50,68,5,2),(1072,3,50,68,3,2),(1073,10,50,68,4,2),(1074,12,51,68,3,2),(1075,3,51,68,5,2),(1076,10,51,68,5,2),(1077,12,40,69,1,2),(1078,3,40,69,1,2),(1079,10,40,69,1,2),(1080,12,49,69,2,2),(1081,3,49,69,2,2),(1082,10,49,69,2,2),(1083,12,50,69,4,2),(1084,3,50,69,4,2),(1085,10,50,69,3,2),(1086,12,51,69,3,2),(1087,3,51,69,5,2),(1088,10,51,69,4,2),(1089,12,43,69,5,2),(1090,3,43,69,3,2),(1091,10,43,69,5,2),(1092,12,43,72,1,2),(1093,3,43,72,1,2),(1094,10,43,72,1,2),(1095,12,40,63,1,2),(1096,8,40,63,1,2),(1097,3,40,63,1,2),(1098,12,52,63,2,2),(1099,8,52,63,2,2),(1100,3,52,63,2,2),(1101,12,51,63,3,2),(1102,8,51,63,3,2),(1103,3,51,63,3,2),(1104,12,49,63,4,2),(1105,8,49,63,4,2),(1106,3,49,63,4,2),(1107,12,40,64,1,2),(1108,8,40,64,1,2),(1109,3,40,64,1,2),(1110,12,53,64,2,2),(1111,8,53,64,2,2),(1112,3,53,64,2,2),(1113,12,52,64,3,2),(1114,8,52,64,3,2),(1115,3,52,64,3,2),(1116,12,51,64,4,2),(1117,8,51,64,4,2),(1118,3,51,64,5,2),(1119,12,49,64,5,2),(1120,8,49,64,5,2),(1121,3,49,64,4,2),(1122,12,40,67,1,2),(1123,8,40,67,1,2),(1124,3,40,67,1,2),(1125,12,53,67,2,2),(1126,8,53,67,2,2),(1127,3,53,67,2,2),(1128,12,52,67,3,2),(1129,8,52,67,3,2),(1130,3,52,67,3,2),(1131,12,51,67,4,2),(1132,8,51,67,4,2),(1133,3,51,67,4,2),(1134,1,54,68,1,1),(1135,2,54,68,1,1),(1136,3,54,68,3,1),(1137,4,54,68,2,1),(1138,5,54,68,1,1),(1139,1,55,68,3,1),(1140,2,55,68,2,1),(1141,3,55,68,1,1),(1142,4,55,68,3,1),(1143,5,55,68,2,1),(1144,1,56,68,2,1),(1145,2,56,68,3,1),(1146,3,56,68,2,1),(1147,4,56,68,4,1),(1148,5,56,68,3,1),(1149,1,57,68,4,1),(1150,2,57,68,4,1),(1151,3,57,68,4,1),(1152,4,57,68,1,1),(1153,5,57,68,4,1),(1154,1,54,69,1,1),(1155,2,54,69,1,1),(1156,3,54,69,3,1),(1157,4,54,69,1,1),(1158,5,54,69,3,1),(1159,1,55,69,3,1),(1160,2,55,69,2,1),(1161,3,55,69,1,1),(1162,4,55,69,2,1),(1163,5,55,69,1,1),(1164,1,57,69,2,1),(1165,2,57,69,4,1),(1166,3,57,69,2,1),(1167,4,57,69,3,1),(1168,5,57,69,2,1),(1169,1,56,69,4,1),(1170,2,56,69,3,1),(1171,3,56,69,4,1),(1172,4,56,69,4,1),(1173,5,56,69,4,1),(1174,1,57,71,1,1),(1175,2,57,71,1,1),(1176,3,57,71,1,1),(1177,4,57,71,1,1),(1178,5,57,71,1,1),(1179,1,54,72,1,1),(1180,2,54,72,1,1),(1181,3,54,72,1,1),(1182,4,54,72,1,1),(1183,5,54,72,2,1),(1184,6,55,63,2,1),(1185,4,55,63,1,1),(1186,2,55,63,2,1),(1187,5,55,63,3,1),(1188,3,55,63,1,1),(1189,6,62,63,5,1),(1190,4,62,63,4,1),(1191,2,62,63,1,1),(1192,5,62,63,2,1),(1193,3,62,63,2,1),(1194,6,64,63,3,1),(1195,4,64,63,3,1),(1196,2,64,63,4,1),(1197,5,64,63,4,1),(1198,3,64,63,3,1),(1199,6,54,63,4,1),(1200,4,54,63,2,1),(1201,2,54,63,5,1),(1202,5,54,63,1,1),(1203,3,54,63,5,1),(1204,6,63,63,1,1),(1205,4,63,63,5,1),(1206,2,63,63,3,1),(1207,5,63,63,5,1),(1208,3,63,63,4,1),(1209,2,64,64,1,1),(1210,3,64,64,1,1),(1211,4,64,64,1,1),(1212,5,64,64,1,1),(1213,6,64,64,1,1),(1214,2,56,64,2,1),(1215,3,56,64,2,1),(1216,4,56,64,2,1),(1217,5,56,64,2,1),(1218,6,56,64,2,1),(1219,2,55,67,1,1),(1220,3,55,67,1,1),(1221,4,55,67,1,1),(1222,5,55,67,1,1),(1223,6,55,67,1,1),(1224,2,1,93,1,1),(1225,3,1,93,1,1),(1226,4,1,93,2,1),(1227,5,1,93,1,1),(1228,6,1,93,1,1),(1229,2,2,93,7,1),(1230,3,2,93,3,1),(1231,4,2,93,1,1),(1232,5,2,93,2,1),(1233,6,2,93,2,1),(1234,2,13,93,2,1),(1235,3,13,93,2,1),(1236,4,13,93,3,1),(1237,5,13,93,7,1),(1238,6,13,93,6,1),(1239,2,5,93,4,1),(1240,3,5,93,4,1),(1241,4,5,93,5,1),(1242,5,5,93,4,1),(1243,6,5,93,3,1),(1244,2,15,93,5,1),(1245,3,15,93,5,1),(1246,4,15,93,6,1),(1247,5,15,93,5,1),(1248,6,15,93,4,1),(1249,2,6,93,6,1),(1250,3,6,93,6,1),(1251,4,6,93,5,1),(1252,5,6,93,3,1),(1253,6,6,93,5,1),(1254,2,7,93,3,1),(1255,3,7,93,7,1),(1256,4,7,93,7,1),(1257,5,7,93,6,1),(1258,6,7,93,7,1),(1259,2,1,95,1,1),(1260,3,1,95,1,1),(1261,4,1,95,6,1),(1262,5,1,95,1,1),(1263,6,1,95,1,1),(1264,2,5,95,2,1),(1265,3,5,95,2,1),(1266,4,5,95,7,1),(1267,5,5,95,2,1),(1268,6,5,95,2,1),(1269,2,9,95,3,1),(1270,3,9,95,3,1),(1271,4,9,95,6,1),(1272,5,9,95,3,1),(1273,6,9,95,4,1),(1274,2,2,95,6,1),(1275,3,2,95,4,1),(1276,4,2,95,4,1),(1277,5,2,95,5,1),(1278,6,2,95,3,1),(1279,2,12,95,4,1),(1280,3,12,95,5,1),(1281,4,12,95,3,1),(1282,5,12,95,7,1),(1283,6,12,95,6,1),(1284,2,7,95,5,1),(1285,3,7,95,7,1),(1286,4,7,95,5,1),(1287,5,7,95,6,1),(1288,6,7,95,8,1),(1289,2,13,95,7,1),(1290,3,13,95,8,1),(1291,4,13,95,8,1),(1292,5,13,95,8,1),(1293,6,13,95,8,1),(1294,2,6,95,8,1),(1295,3,6,95,8,1),(1296,4,6,95,8,1),(1297,5,6,95,4,1),(1298,6,6,95,5,1),(1299,2,1,94,1,1),(1300,3,1,94,1,1),(1301,4,1,94,4,1),(1302,5,1,94,1,1),(1303,6,1,94,1,1),(1304,2,5,94,3,1),(1305,3,5,94,4,1),(1306,4,5,94,7,1),(1307,5,5,94,2,1),(1308,6,5,94,3,1),(1309,2,2,94,4,1),(1310,3,2,94,5,1),(1311,4,2,94,3,1),(1312,5,2,94,4,1),(1313,6,2,94,2,1),(1314,2,13,94,5,1),(1315,3,13,94,2,1),(1316,4,13,94,1,1),(1317,5,13,94,6,1),(1318,6,13,94,7,1),(1319,2,4,94,2,1),(1320,3,4,94,6,1),(1321,4,4,94,6,1),(1322,5,4,94,5,1),(1323,6,4,94,4,1),(1324,2,7,94,6,1),(1325,3,7,94,7,1),(1326,4,7,94,5,1),(1327,5,7,94,3,1),(1328,6,7,94,5,1),(1329,2,12,94,7,1),(1330,3,12,94,3,1),(1331,4,12,94,2,1),(1332,5,12,94,7,1),(1333,6,12,94,6,1),(1334,2,1,97,1,1),(1335,3,1,97,1,1),(1336,4,1,97,6,1),(1337,5,1,97,5,1),(1338,6,1,97,1,1),(1339,2,5,97,3,1),(1340,3,5,97,2,1),(1341,4,5,97,5,1),(1342,5,5,97,2,1),(1343,6,5,97,3,1),(1344,2,2,97,4,1),(1345,3,2,97,4,1),(1346,4,2,97,1,1),(1347,5,2,97,3,1),(1348,6,2,97,2,1),(1349,2,9,97,2,1),(1350,3,9,97,5,1),(1351,4,9,97,3,1),(1352,5,9,97,1,1),(1353,6,9,97,4,1),(1354,2,6,97,5,1),(1355,3,6,97,6,1),(1356,4,6,97,4,1),(1357,5,6,97,4,1),(1358,6,6,97,5,1),(1359,2,12,97,6,1),(1360,3,12,97,3,1),(1361,4,12,97,2,1),(1362,5,12,97,6,1),(1363,6,12,97,6,1),(1364,2,2,96,2,1),(1365,3,2,96,3,1),(1366,4,2,96,1,1),(1367,5,2,96,3,1),(1368,6,2,96,3,1),(1369,2,5,96,3,1),(1370,3,5,96,5,1),(1371,4,5,96,5,1),(1372,5,5,96,2,1),(1373,6,5,96,2,1),(1374,2,15,96,1,1),(1375,3,15,96,6,1),(1376,4,15,96,4,1),(1377,5,15,96,1,1),(1378,6,15,96,4,1),(1379,2,12,96,5,1),(1380,3,12,96,1,1),(1381,4,12,96,3,1),(1382,5,12,96,4,1),(1383,6,12,96,5,1),(1384,2,13,96,4,1),(1385,3,13,96,2,1),(1386,4,13,96,2,1),(1387,5,13,96,5,1),(1388,6,13,96,6,1),(1389,2,59,96,6,1),(1390,3,59,96,4,1),(1391,4,59,96,6,1),(1392,5,59,96,6,1),(1393,6,59,96,1,1),(1394,1,14,98,1,1),(1395,3,14,98,1,1),(1396,4,14,98,2,1),(1397,7,14,98,3,1),(1398,5,14,98,1,1),(1399,1,18,98,2,1),(1400,3,18,98,4,1),(1401,4,18,98,3,1),(1402,7,18,98,2,1),(1403,5,18,98,2,1),(1404,1,31,98,3,1),(1405,3,31,98,3,1),(1406,4,31,98,5,1),(1407,7,31,98,1,1),(1408,5,31,98,3,1),(1409,1,17,98,4,1),(1410,3,17,98,2,1),(1411,4,17,98,1,1),(1412,7,17,98,4,1),(1413,5,17,98,5,1),(1414,1,16,98,5,1),(1415,3,16,98,5,1),(1416,4,16,98,4,1),(1417,7,16,98,5,1),(1418,5,16,98,4,1),(1419,1,18,99,2,1),(1420,3,18,99,2,1),(1421,4,18,99,2,1),(1422,7,18,99,2,1),(1423,5,18,99,1,1),(1424,1,14,99,1,1),(1425,3,14,99,1,1),(1426,4,14,99,3,1),(1427,7,14,99,4,1),(1428,5,14,99,2,1),(1429,1,31,99,3,1),(1430,3,31,99,3,1),(1431,4,31,99,7,1),(1432,7,31,99,1,1),(1433,5,31,99,3,1),(1434,1,16,99,4,1),(1435,3,16,99,5,1),(1436,4,16,99,4,1),(1437,7,16,99,3,1),(1438,5,16,99,4,1),(1439,1,17,99,5,1),(1440,3,17,99,4,1),(1441,4,17,99,1,1),(1442,7,17,99,5,1),(1443,5,17,99,6,1),(1444,1,2,99,6,1),(1445,3,2,99,7,1),(1446,4,2,99,5,1),(1447,7,2,99,7,1),(1448,5,2,99,5,1),(1449,1,21,99,7,1),(1450,3,21,99,6,1),(1451,4,21,99,6,1),(1452,7,21,99,6,1),(1453,5,21,99,7,1),(1454,1,14,100,1,1),(1455,3,14,100,2,1),(1456,4,14,100,2,1),(1457,7,14,100,4,1),(1458,5,14,100,1,1),(1459,1,31,100,3,1),(1460,3,31,100,1,1),(1461,4,31,100,5,1),(1462,7,31,100,1,1),(1463,5,31,100,2,1),(1464,1,18,100,2,1),(1465,3,18,100,3,1),(1466,4,18,100,3,1),(1467,7,18,100,2,1),(1468,5,18,100,3,1),(1469,1,17,100,4,1),(1470,3,17,100,4,1),(1471,4,17,100,1,1),(1472,7,17,100,5,1),(1473,5,17,100,6,1),(1474,1,16,100,6,1),(1475,3,16,100,5,1),(1476,4,16,100,4,1),(1477,7,16,100,3,1),(1478,5,16,100,5,1),(1479,1,2,100,5,1),(1480,3,2,100,6,1),(1481,4,2,100,6,1),(1482,7,2,100,6,1),(1483,5,2,100,4,1),(1484,1,18,102,2,1),(1485,3,18,102,3,1),(1486,4,18,102,2,1),(1487,7,18,102,2,1),(1488,5,18,102,2,1),(1489,1,14,102,1,1),(1490,3,14,102,2,1),(1491,4,14,102,8,1),(1492,7,14,102,4,1),(1493,5,14,102,1,1),(1494,1,31,102,4,1),(1495,3,31,102,1,1),(1496,4,31,102,3,1),(1497,7,31,102,1,1),(1498,5,31,102,3,1),(1499,1,17,102,3,1),(1500,3,17,102,4,1),(1501,4,17,102,1,1),(1502,7,17,102,6,1),(1503,5,17,102,8,1),(1504,1,9,102,5,1),(1505,3,9,102,6,1),(1506,4,9,102,4,1),(1507,7,9,102,7,1),(1508,5,9,102,4,1),(1509,1,16,102,8,1),(1510,3,16,102,5,1),(1511,4,16,102,6,1),(1512,7,16,102,3,1),(1513,5,16,102,5,1),(1514,1,4,102,6,1),(1515,3,4,102,8,1),(1516,4,4,102,5,1),(1517,7,4,102,8,1),(1518,5,4,102,6,1),(1519,1,21,102,7,1),(1520,3,21,102,8,1),(1521,4,21,102,7,1),(1522,7,21,102,5,1),(1523,5,21,102,7,1),(1524,1,31,101,1,1),(1525,3,31,101,1,1),(1526,4,31,101,2,1),(1527,7,31,101,1,1),(1528,5,31,101,2,1),(1529,1,15,101,4,1),(1530,3,15,101,7,1),(1531,4,15,101,1,1),(1532,7,15,101,3,1),(1533,5,15,101,1,1),(1534,1,16,101,7,1),(1535,3,16,101,5,1),(1536,4,16,101,4,1),(1537,7,16,101,2,1),(1538,5,16,101,3,1),(1539,1,5,101,3,1),(1540,3,5,101,2,1),(1541,4,5,101,7,1),(1542,7,5,101,5,1),(1543,5,5,101,4,1),(1544,1,2,101,2,1),(1545,3,2,101,6,1),(1546,4,2,101,3,1),(1547,7,2,101,6,1),(1548,5,2,101,5,1),(1549,1,21,101,6,1),(1550,3,21,101,4,1),(1551,4,21,101,5,1),(1552,7,21,101,4,1),(1553,5,21,101,3,1),(1554,1,20,101,5,1),(1555,3,20,101,3,1),(1556,4,20,101,6,1),(1557,7,20,101,7,1),(1558,5,20,101,7,1),(1559,2,31,73,1,1),(1560,4,31,73,1,1),(1561,7,31,73,2,1),(1562,5,31,73,3,1),(1563,6,31,73,1,1),(1564,2,65,73,2,1),(1565,4,65,73,5,1),(1566,7,65,73,4,1),(1567,5,65,73,1,1),(1568,6,65,73,2,1),(1569,2,60,73,3,1),(1570,4,60,73,2,1),(1571,7,60,73,5,1),(1572,5,60,73,2,1),(1573,6,60,73,6,1),(1574,2,14,73,4,1),(1575,4,14,73,3,1),(1576,7,14,73,1,1),(1577,5,14,73,4,1),(1578,6,14,73,5,1),(1579,2,22,73,5,1),(1580,4,22,73,4,1),(1581,7,22,73,3,1),(1582,5,22,73,6,1),(1583,6,22,73,3,1),(1584,2,16,73,6,1),(1585,4,16,73,6,1),(1586,7,16,73,6,1),(1587,5,16,73,5,1),(1588,6,16,73,4,1),(1589,2,31,74,1,1),(1590,4,31,74,1,1),(1591,7,31,74,1,1),(1592,5,31,74,1,1),(1593,6,31,74,1,1),(1594,2,60,74,3,1),(1595,4,60,74,3,1),(1596,7,60,74,4,1),(1597,5,60,74,2,1),(1598,6,60,74,2,1),(1599,2,65,74,2,1),(1600,4,65,74,4,1),(1601,7,65,74,3,1),(1602,5,65,74,3,1),(1603,6,65,74,3,1),(1604,2,14,74,4,1),(1605,4,14,74,2,1),(1606,7,14,74,2,1),(1607,5,14,74,4,1),(1608,6,14,74,5,1),(1609,2,16,74,5,1),(1610,4,16,74,5,1),(1611,7,16,74,5,1),(1612,5,16,74,5,1),(1613,6,16,74,4,1),(1614,2,31,75,1,1),(1615,4,31,75,1,1),(1616,7,31,75,1,1),(1617,5,31,75,2,1),(1618,6,31,75,1,1),(1619,2,65,75,2,1),(1620,4,65,75,3,1),(1621,7,65,75,3,1),(1622,5,65,75,1,1),(1623,6,65,75,3,1),(1624,2,18,75,3,1),(1625,4,18,75,3,1),(1626,7,18,75,2,1),(1627,5,18,75,3,1),(1628,6,18,75,4,1),(1629,2,22,75,4,1),(1630,4,22,75,4,1),(1631,7,22,75,4,1),(1632,5,22,75,4,1),(1633,6,22,75,2,1),(1634,2,16,75,5,1),(1635,4,16,75,5,1),(1636,7,16,75,5,1),(1637,5,16,75,5,1),(1638,6,16,75,5,1),(1639,2,31,75,1,1),(1640,4,31,75,1,1),(1641,7,31,75,1,1),(1642,5,31,75,2,1),(1643,6,31,75,1,1),(1644,2,65,75,2,1),(1645,4,65,75,3,1),(1646,7,65,75,3,1),(1647,5,65,75,1,1),(1648,6,65,75,3,1),(1649,2,18,75,3,1),(1650,4,18,75,3,1),(1651,7,18,75,2,1),(1652,5,18,75,3,1),(1653,6,18,75,4,1),(1654,2,22,75,4,1),(1655,4,22,75,4,1),(1656,7,22,75,4,1),(1657,5,22,75,4,1),(1658,6,22,75,2,1),(1659,2,16,75,5,1),(1660,4,16,75,5,1),(1661,7,16,75,5,1),(1662,5,16,75,5,1),(1663,6,16,75,5,1),(1664,2,31,76,1,1),(1665,4,31,76,1,1),(1666,7,31,76,1,1),(1667,5,31,76,1,1),(1668,6,31,76,1,1),(1669,2,65,76,2,1),(1670,4,65,76,2,1),(1671,7,65,76,4,1),(1672,5,65,76,2,1),(1673,6,65,76,3,1),(1674,2,18,76,4,1),(1675,4,18,76,3,1),(1676,7,18,76,3,1),(1677,5,18,76,3,1),(1678,6,18,76,2,1),(1679,2,14,76,3,1),(1680,4,14,76,2,1),(1681,7,14,76,2,1),(1682,5,14,76,4,1),(1683,6,14,76,5,1),(1684,2,16,76,5,1),(1685,4,16,76,5,1),(1686,7,16,76,5,1),(1687,5,16,76,5,1),(1688,6,16,76,4,1),(1689,2,31,77,1,1),(1690,4,31,77,2,1),(1691,7,31,77,1,1),(1692,5,31,77,1,1),(1693,6,31,77,1,1),(1694,2,65,77,2,1),(1695,4,65,77,1,1),(1696,7,65,77,3,1),(1697,5,65,77,2,1),(1698,6,65,77,3,1),(1699,2,60,77,3,1),(1700,4,60,77,3,1),(1701,7,60,77,2,1),(1702,5,60,77,3,1),(1703,6,60,77,2,1),(1704,2,22,77,4,1),(1705,4,22,77,4,1),(1706,7,22,77,4,1),(1707,5,22,77,4,1),(1708,6,22,77,4,1),(1709,2,16,77,5,1),(1710,4,16,77,5,1),(1711,7,16,77,5,1),(1712,5,16,77,5,1),(1713,6,16,77,5,1),(1714,1,14,88,1,1),(1715,3,14,88,2,1),(1716,4,14,88,1,1),(1717,7,14,88,2,1),(1718,5,14,88,6,1),(1719,1,60,88,2,1),(1720,3,60,88,5,1),(1721,4,60,88,3,1),(1722,7,60,88,4,1),(1723,5,60,88,2,1),(1724,1,31,88,3,1),(1725,3,31,88,1,1),(1726,4,31,88,7,1),(1727,7,31,88,3,1),(1728,5,31,88,3,1),(1729,1,61,88,4,1),(1730,3,61,88,7,1),(1731,4,61,88,4,1),(1732,7,61,88,3,1),(1733,5,61,88,1,1),(1734,1,65,88,5,1),(1735,3,65,88,4,1),(1736,4,65,88,6,1),(1737,7,65,88,6,1),(1738,5,65,88,5,1),(1739,1,16,88,6,1),(1740,3,16,88,5,1),(1741,4,16,88,3,1),(1742,7,16,88,5,1),(1743,5,16,88,4,1),(1744,1,34,88,7,1),(1745,3,34,88,4,1),(1746,4,34,88,6,1),(1747,7,34,88,7,1),(1748,5,34,88,7,1),(1749,1,60,90,1,1),(1750,3,60,90,1,1),(1751,4,60,90,3,1),(1752,7,60,90,4,1),(1753,5,60,90,2,1),(1754,1,31,90,3,1),(1755,3,31,90,2,1),(1756,4,31,90,6,1),(1757,7,31,90,1,1),(1758,5,31,90,3,1),(1759,1,14,90,2,1),(1760,3,14,90,3,1),(1761,4,14,90,5,1),(1762,7,14,90,3,1),(1763,5,14,90,4,1),(1764,1,61,90,4,1),(1765,3,61,90,6,1),(1766,4,61,90,4,1),(1767,7,61,90,2,1),(1768,5,61,90,1,1),(1769,1,16,90,5,1),(1770,3,16,90,5,1),(1771,4,16,90,2,1),(1772,7,16,90,5,1),(1773,5,16,90,5,1),(1774,1,65,90,6,1),(1775,3,65,90,4,1),(1776,4,65,90,1,1),(1777,7,65,90,6,1),(1778,5,65,90,6,1),(1779,1,14,89,2,1),(1780,3,14,89,1,1),(1781,4,14,89,4,1),(1782,7,14,89,3,1),(1783,5,14,89,2,1),(1784,1,60,89,1,1),(1785,3,60,89,4,1),(1786,4,60,89,2,1),(1787,7,60,89,1,1),(1788,5,60,89,3,1),(1789,1,31,89,3,1),(1790,3,31,89,2,1),(1791,4,31,89,6,1),(1792,7,31,89,1,1),(1793,5,31,89,4,1),(1794,1,61,89,4,1),(1795,3,61,89,7,1),(1796,4,61,89,3,1),(1797,7,61,89,4,1),(1798,5,61,89,5,1),(1799,1,65,89,5,1),(1800,3,65,89,3,1),(1801,4,65,89,1,1),(1802,7,65,89,5,1),(1803,5,65,89,5,1),(1804,1,34,89,6,1),(1805,3,34,89,5,1),(1806,4,34,89,7,1),(1807,7,34,89,6,1),(1808,5,34,89,6,1),(1809,1,31,91,1,1),(1810,3,31,91,1,1),(1811,4,31,91,3,1),(1812,7,31,91,1,1),(1813,5,31,91,2,1),(1814,1,61,91,2,1),(1815,3,61,91,3,1),(1816,4,61,91,2,1),(1817,7,61,91,2,1),(1818,5,61,91,1,1),(1819,1,65,91,3,1),(1820,3,65,91,2,1),(1821,4,65,91,1,1),(1822,7,65,91,3,1),(1823,5,65,91,3,1),(1824,1,16,91,4,1),(1825,3,16,91,4,1),(1826,4,16,91,4,1),(1827,7,16,91,4,1),(1828,5,16,91,4,1),(1829,1,14,92,2,1),(1830,3,14,92,1,1),(1831,4,14,92,2,1),(1832,7,14,92,3,1),(1833,5,14,92,5,1),(1834,1,65,92,4,1),(1835,3,65,92,1,1),(1836,4,65,92,1,1),(1837,7,65,92,5,1),(1838,5,65,92,3,1),(1839,1,60,92,1,1),(1840,3,60,92,3,1),(1841,4,60,92,4,1),(1842,7,60,92,6,1),(1843,5,60,92,6,1),(1844,1,61,92,5,1),(1845,3,61,92,6,1),(1846,4,61,92,3,1),(1847,7,61,92,1,1),(1848,5,61,92,2,1),(1849,1,31,92,3,1),(1850,3,31,92,4,1),(1851,4,31,92,6,1),(1852,7,31,92,2,1),(1853,5,31,92,4,1),(1854,1,16,92,5,1),(1855,3,16,92,6,1),(1856,4,16,92,5,1),(1857,7,16,92,4,1),(1858,5,16,92,6,1),(1859,2,9,114,5,1),(1860,3,9,114,1,1),(1861,4,9,114,1,1),(1862,6,9,114,1,1),(1863,7,9,114,4,1),(1864,2,6,114,1,1),(1865,3,6,114,2,1),(1866,4,6,114,2,1),(1867,6,6,114,2,1),(1868,7,6,114,2,1),(1869,2,67,114,3,1),(1870,3,67,114,3,1),(1871,4,67,114,4,1),(1872,6,67,114,6,1),(1873,7,67,114,1,1),(1874,2,68,114,4,1),(1875,3,68,114,4,1),(1876,4,68,114,3,1),(1877,6,68,114,4,1),(1878,7,68,114,7,1),(1879,2,69,114,5,1),(1880,3,69,114,4,1),(1881,4,69,114,7,1),(1882,6,69,114,3,1),(1883,7,69,114,5,1),(1884,2,55,114,6,1),(1885,3,55,114,6,1),(1886,4,55,114,3,1),(1887,6,55,114,5,1),(1888,7,55,114,2,1),(1889,2,70,114,7,1),(1890,3,70,114,7,1),(1891,4,70,114,5,1),(1892,6,70,114,7,1),(1893,7,70,114,3,1),(1894,2,6,113,2,1),(1895,3,6,113,1,1),(1896,4,6,113,2,1),(1897,6,6,113,2,1),(1898,7,6,113,1,1),(1899,2,68,113,1,1),(1900,3,68,113,4,1),(1901,4,68,113,1,1),(1902,6,68,113,5,1),(1903,7,68,113,3,1),(1904,2,9,113,4,1),(1905,3,9,113,2,1),(1906,4,9,113,3,1),(1907,6,9,113,1,1),(1908,7,9,113,5,1),(1909,2,55,113,3,1),(1910,3,55,113,5,1),(1911,4,55,113,4,1),(1912,6,55,113,4,1),(1913,7,55,113,2,1),(1914,2,71,113,5,1),(1915,3,71,113,3,1),(1916,4,71,113,5,1),(1917,6,71,113,3,1),(1918,7,71,113,4,1),(1919,2,9,116,1,1),(1920,3,9,116,1,1),(1921,4,9,116,1,1),(1922,6,9,116,1,1),(1923,7,9,116,1,1),(1924,2,72,116,2,1),(1925,3,72,116,2,1),(1926,4,72,116,8,1),(1927,6,72,116,7,1),(1928,7,72,116,2,1),(1929,2,70,116,3,1),(1930,3,70,116,3,1),(1931,4,70,116,4,1),(1932,6,70,116,2,1),(1933,7,70,116,3,1),(1934,2,73,116,4,1),(1935,3,73,116,7,1),(1936,4,73,116,3,1),(1937,6,73,116,4,1),(1938,7,73,116,6,1),(1939,2,74,116,5,1),(1940,3,74,116,4,1),(1941,4,74,116,6,1),(1942,6,74,116,3,1),(1943,7,74,116,8,1),(1944,2,75,116,6,1),(1945,3,75,116,8,1),(1946,4,75,116,7,1),(1947,6,75,116,2,1),(1948,7,75,116,4,1),(1949,2,76,116,7,1),(1950,3,76,116,5,1),(1951,4,76,116,8,1),(1952,6,76,116,6,1),(1953,7,76,116,5,1),(1954,2,77,116,8,1),(1955,3,77,116,6,1),(1956,4,77,116,5,1),(1957,6,77,116,8,1),(1958,7,77,116,7,1),(1959,2,6,117,1,1),(1960,3,6,117,1,1),(1961,4,6,117,3,1),(1962,6,6,117,2,1),(1963,7,6,117,2,1),(1964,2,9,117,2,1),(1965,3,9,117,2,1),(1966,4,9,117,3,1),(1967,6,9,117,1,1),(1968,7,9,117,1,1),(1969,2,68,117,3,1),(1970,3,68,117,3,1),(1971,4,68,117,2,1),(1972,6,68,117,3,1),(1973,7,68,117,4,1),(1974,2,77,117,4,1),(1975,3,77,117,5,1),(1976,4,77,117,4,1),(1977,6,77,117,5,1),(1978,7,77,117,6,1),(1979,2,73,117,5,1),(1980,3,73,117,4,1),(1981,4,73,117,5,1),(1982,6,73,117,6,1),(1983,7,73,117,5,1),(1984,2,72,117,6,1),(1985,3,72,117,6,1),(1986,4,72,117,6,1),(1987,6,72,117,4,1),(1988,7,72,117,3,1),(1989,2,55,115,1,1),(1990,3,55,115,1,1),(1991,4,55,115,1,1),(1992,6,55,115,1,1),(1993,7,55,115,1,1),(1994,2,62,115,2,1),(1995,3,62,115,2,1),(1996,4,62,115,2,1),(1997,6,62,115,2,1),(1998,7,62,115,2,1),(1999,2,62,118,1,1),(2000,3,62,118,1,1),(2001,4,62,118,1,1),(2002,6,62,118,1,1),(2003,7,62,118,1,1),(2004,2,6,120,1,1),(2005,3,6,120,1,1),(2006,4,6,120,1,1),(2007,6,6,120,1,1),(2008,7,6,120,1,1),(2009,2,9,120,2,1),(2010,3,9,120,2,1),(2011,4,9,120,2,1),(2012,6,9,120,2,1),(2013,7,9,120,2,1),(2014,2,78,103,1,1),(2015,3,78,103,1,1),(2016,4,78,103,1,1),(2017,6,78,103,2,1),(2018,7,78,103,1,1),(2019,2,65,103,2,1),(2020,3,65,103,3,1),(2021,4,65,103,2,1),(2022,6,65,103,1,1),(2023,7,65,103,6,1),(2024,2,60,103,3,1),(2025,3,60,103,2,1),(2026,4,60,103,3,1),(2027,6,60,103,3,1),(2028,7,60,103,2,1),(2029,2,14,103,4,1),(2030,3,14,103,4,1),(2031,4,14,103,4,1),(2032,6,14,103,4,1),(2033,7,14,103,4,1),(2034,2,16,103,6,1),(2035,3,16,103,4,1),(2036,4,16,103,4,1),(2037,6,16,103,5,1),(2038,7,16,103,5,1),(2039,2,5,103,5,1),(2040,3,5,103,5,1),(2041,4,5,103,5,1),(2042,6,5,103,6,1),(2043,7,5,103,3,1),(2044,2,78,104,1,1),(2045,3,78,104,2,1),(2046,4,78,104,1,1),(2047,6,78,104,2,1),(2048,7,78,104,1,1),(2049,2,65,104,3,1),(2050,3,65,104,1,1),(2051,4,65,104,2,1),(2052,6,65,104,1,1),(2053,7,65,104,4,1),(2054,2,60,104,2,1),(2055,3,60,104,3,1),(2056,4,60,104,4,1),(2057,6,60,104,4,1),(2058,7,60,104,3,1),(2059,2,16,104,4,1),(2060,3,16,104,4,1),(2061,4,16,104,3,1),(2062,6,16,104,3,1),(2063,7,16,104,5,1),(2064,2,14,104,5,1),(2065,3,14,104,5,1),(2066,4,14,104,5,1),(2067,6,14,104,5,1),(2068,7,14,104,2,1),(2069,2,79,105,1,1),(2070,3,79,105,1,1),(2071,4,79,105,4,1),(2072,6,79,105,2,1),(2073,7,79,105,1,1),(2074,2,60,105,2,1),(2075,3,60,105,5,1),(2076,4,60,105,1,1),(2077,6,60,105,9,1),(2078,7,60,105,2,1),(2079,2,27,105,3,1),(2080,3,27,105,3,1),(2081,4,27,105,2,1),(2082,6,27,105,3,1),(2083,7,27,105,7,1),(2084,2,56,105,4,1),(2085,3,56,105,8,1),(2086,4,56,105,3,1),(2087,6,56,105,8,1),(2088,7,56,105,8,1),(2089,2,4,105,5,1),(2090,3,4,105,4,1),(2091,4,4,105,4,1),(2092,6,4,105,5,1),(2093,7,4,105,4,1),(2094,2,14,105,6,1),(2095,3,14,105,6,1),(2096,4,14,105,8,1),(2097,6,14,105,5,1),(2098,7,14,105,5,1),(2099,2,16,105,7,1),(2100,3,16,105,7,1),(2101,4,16,105,3,1),(2102,6,16,105,6,1),(2103,7,16,105,1,1),(2104,2,2,105,8,1),(2105,3,2,105,8,1),(2106,4,2,105,6,1),(2107,6,2,105,6,1),(2108,7,2,105,7,1),(2109,2,80,105,9,1),(2110,3,80,105,9,1),(2111,4,80,105,7,1),(2112,6,80,105,9,1),(2113,7,80,105,9,1),(2114,2,60,106,1,1),(2115,3,60,106,1,1),(2116,4,60,106,2,1),(2117,6,60,106,2,1),(2118,7,60,106,3,1),(2119,2,65,106,2,1),(2120,3,65,106,2,1),(2121,4,65,106,1,1),(2122,6,65,106,1,1),(2123,7,65,106,4,1),(2124,2,81,106,3,1),(2125,3,81,106,4,1),(2126,4,81,106,3,1),(2127,6,81,106,5,1),(2128,7,81,106,1,1),(2129,2,5,106,4,1),(2130,3,5,106,3,1),(2131,4,5,106,6,1),(2132,6,5,106,4,1),(2133,7,5,106,5,1),(2134,2,16,106,5,1),(2135,3,16,106,5,1),(2136,4,16,106,4,1),(2137,6,16,106,3,1),(2138,7,16,106,6,1),(2139,2,7,106,6,1),(2140,3,7,106,6,1),(2141,4,7,106,6,1),(2142,6,7,106,6,1),(2143,7,7,106,7,1),(2144,2,82,106,7,1),(2145,3,82,106,7,1),(2146,4,82,106,7,1),(2147,6,82,106,7,1),(2148,7,82,106,5,1),(2149,2,78,107,1,1),(2150,3,78,107,2,1),(2151,4,78,107,1,1),(2152,6,78,107,1,1),(2153,7,78,107,1,1),(2154,2,60,107,2,1),(2155,3,60,107,4,1),(2156,4,60,107,3,1),(2157,6,60,107,3,1),(2158,7,60,107,2,1),(2159,2,65,107,3,1),(2160,3,65,107,1,1),(2161,4,65,107,2,1),(2162,6,65,107,7,1),(2163,7,65,107,8,1),(2164,2,83,107,4,1),(2165,3,83,107,3,1),(2166,4,83,107,4,1),(2167,6,83,107,2,1),(2168,7,83,107,2,1),(2169,2,84,107,5,1),(2170,3,84,107,4,1),(2171,4,84,107,8,1),(2172,6,84,107,6,1),(2173,7,84,107,5,1),(2174,2,4,107,6,1),(2175,3,4,107,5,1),(2176,4,4,107,5,1),(2177,6,4,107,4,1),(2178,7,4,107,4,1),(2179,2,27,107,8,1),(2180,3,27,107,6,1),(2181,4,27,107,7,1),(2182,6,27,107,8,1),(2183,7,27,107,8,1),(2184,2,14,107,8,1),(2185,3,14,107,8,1),(2186,4,14,107,6,1),(2187,6,14,107,5,1),(2188,7,14,107,7,1),(2189,2,85,108,1,1),(2190,3,85,108,1,1),(2191,4,85,108,1,1),(2192,6,85,108,1,1),(2193,7,85,108,4,1),(2194,2,60,108,2,1),(2195,3,60,108,2,1),(2196,4,60,108,3,1),(2197,6,60,108,3,1),(2198,7,60,108,1,1),(2199,2,86,108,3,1),(2200,3,86,108,3,1),(2201,4,86,108,2,1),(2202,6,86,108,5,1),(2203,7,86,108,5,1),(2204,2,84,108,4,1),(2205,3,84,108,4,1),(2206,4,84,108,5,1),(2207,6,84,108,4,1),(2208,7,84,108,2,1),(2209,2,16,108,5,1),(2210,3,16,108,5,1),(2211,4,16,108,4,1),(2212,6,16,108,2,1),(2213,7,16,108,3,1),(2214,2,4,108,6,1),(2215,3,4,108,6,1),(2216,4,4,108,6,1),(2217,6,4,108,6,1),(2218,7,4,108,3,1),(2219,2,2,109,3,1),(2220,3,2,109,2,1),(2221,4,2,109,2,1),(2222,6,2,109,2,1),(2223,7,2,109,3,1),(2224,2,16,109,1,1),(2225,3,16,109,3,1),(2226,4,16,109,4,1),(2227,6,16,109,1,1),(2228,7,16,109,4,1),(2229,2,5,109,2,1),(2230,3,5,109,1,1),(2231,4,5,109,5,1),(2232,6,5,109,3,1),(2233,7,5,109,5,1),(2234,2,82,109,4,1),(2235,3,82,109,4,1),(2236,4,82,109,3,1),(2237,6,82,109,5,1),(2238,7,82,109,2,1),(2239,2,87,109,5,1),(2240,3,87,109,5,1),(2241,4,87,109,1,1),(2242,6,87,109,4,1),(2243,7,87,109,1,1),(2244,2,82,110,1,1),(2245,3,82,110,1,1),(2246,4,82,110,1,1),(2247,6,82,110,1,1),(2248,7,82,110,1,1),(2249,2,16,110,2,1),(2250,3,16,110,3,1),(2251,4,16,110,4,1),(2252,6,16,110,2,1),(2253,7,16,110,3,1),(2254,2,88,110,3,1),(2255,3,88,110,5,1),(2256,4,88,110,2,1),(2257,6,88,110,3,1),(2258,7,88,110,2,1),(2259,2,89,110,4,1),(2260,3,89,110,3,1),(2261,4,89,110,4,1),(2262,6,89,110,2,1),(2263,7,89,110,4,1),(2264,2,87,110,5,1),(2265,3,87,110,4,1),(2266,4,87,110,5,1),(2267,6,87,110,4,1),(2268,7,87,110,5,1),(2269,2,79,111,1,1),(2270,3,79,111,1,1),(2271,4,79,111,2,1),(2272,6,79,111,1,1),(2273,7,79,111,1,1),(2274,2,84,111,2,1),(2275,3,84,111,5,1),(2276,4,84,111,1,1),(2277,6,84,111,4,1),(2278,7,84,111,2,1),(2279,2,5,111,3,1),(2280,3,5,111,4,1),(2281,4,5,111,5,1),(2282,6,5,111,3,1),(2283,7,5,111,3,1),(2284,2,88,111,4,1),(2285,3,88,111,5,1),(2286,4,88,111,2,1),(2287,6,88,111,7,1),(2288,7,88,111,5,1),(2289,2,87,111,5,1),(2290,3,87,111,7,1),(2291,4,87,111,6,1),(2292,6,87,111,5,1),(2293,7,87,111,4,1),(2294,2,16,111,6,1),(2295,3,16,111,3,1),(2296,4,16,111,3,1),(2297,6,16,111,6,1),(2298,7,16,111,6,1),(2299,2,82,111,7,1),(2300,3,82,111,6,1),(2301,4,82,111,4,1),(2302,6,82,111,7,1),(2303,7,82,111,6,1),(2304,2,60,112,1,1),(2305,3,60,112,1,1),(2306,4,60,112,2,1),(2307,6,60,112,3,1),(2308,7,60,112,4,1),(2309,2,90,112,2,1),(2310,3,90,112,6,1),(2311,4,90,112,1,1),(2312,6,90,112,4,1),(2313,7,90,112,6,1),(2314,2,7,112,3,1),(2315,3,7,112,5,1),(2316,4,7,112,3,1),(2317,6,7,112,6,1),(2318,7,7,112,2,1),(2319,2,16,112,4,1),(2320,3,16,112,4,1),(2321,4,16,112,2,1),(2322,6,16,112,2,1),(2323,7,16,112,7,1),(2324,2,91,112,5,1),(2325,3,91,112,2,1),(2326,4,91,112,5,1),(2327,6,91,112,1,1),(2328,7,91,112,1,1),(2329,2,5,112,6,1),(2330,3,5,112,3,1),(2331,4,5,112,7,1),(2332,6,5,112,3,1),(2333,7,5,112,5,1),(2334,2,87,112,7,1),(2335,3,87,112,6,1),(2336,4,87,112,7,1),(2337,6,87,112,7,1),(2338,7,87,112,3,1),(2339,1,92,124,2,1),(2340,3,92,124,1,1),(2341,4,92,124,3,1),(2342,6,92,124,1,1),(2343,7,92,124,1,1),(2344,1,68,124,1,1),(2345,3,68,124,2,1),(2346,4,68,124,2,1),(2347,6,68,124,3,1),(2348,7,68,124,2,1),(2349,1,93,124,3,1),(2350,3,93,124,3,1),(2351,4,93,124,1,1),(2352,6,93,124,2,1),(2353,7,93,124,3,1),(2354,1,92,125,1,1),(2355,3,92,125,1,1),(2356,4,92,125,1,1),(2357,6,92,125,1,1),(2358,7,92,125,1,1),(2359,1,63,125,2,1),(2360,3,63,125,3,1),(2361,4,63,125,2,1),(2362,6,63,125,2,1),(2363,7,63,125,2,1),(2364,1,6,125,5,1),(2365,3,6,125,2,1),(2366,4,6,125,5,1),(2367,6,6,125,3,1),(2368,7,6,125,3,1),(2369,1,94,125,4,1),(2370,3,94,125,3,1),(2371,4,94,125,4,1),(2372,6,94,125,4,1),(2373,7,94,125,4,1),(2374,1,68,125,5,1),(2375,3,68,125,4,1),(2376,4,68,125,5,1),(2377,6,68,125,5,1),(2378,7,68,125,5,1),(2379,1,92,129,1,1),(2380,3,92,129,1,1),(2381,4,92,129,1,1),(2382,6,92,129,1,1),(2383,7,92,129,1,1),(2384,1,95,129,2,1),(2385,3,95,129,2,1),(2386,4,95,129,2,1),(2387,6,95,129,2,1),(2388,7,95,129,2,1),(2389,1,92,128,1,1),(2390,3,92,128,1,1),(2391,4,92,128,1,1),(2392,6,92,128,1,1),(2393,7,92,128,1,1),(2394,1,68,128,2,1),(2395,3,68,128,2,1),(2396,4,68,128,2,1),(2397,6,68,128,2,1),(2398,7,68,128,2,1),(2399,1,92,127,1,1),(2400,3,92,127,1,1),(2401,4,92,127,1,1),(2402,6,92,127,1,1),(2403,7,92,127,1,1),(2434,1,105,132,1,1),(2435,3,105,132,1,1),(2436,4,105,132,3,1),(2437,5,105,132,1,1),(2438,7,105,132,3,1),(2439,1,96,132,4,1),(2440,3,96,132,3,1),(2441,4,96,132,1,1),(2442,5,96,132,2,1),(2443,7,96,132,1,1),(2444,1,2,132,3,1),(2445,3,2,132,2,1),(2446,4,2,132,5,1),(2447,5,2,132,3,1),(2448,7,2,132,4,1),(2449,1,5,132,2,1),(2450,3,5,132,4,1),(2451,4,5,132,4,1),(2452,5,5,132,4,1),(2453,7,5,132,2,1),(2454,1,106,132,5,1),(2455,3,106,132,5,1),(2456,4,106,132,2,1),(2457,5,106,132,5,1),(2458,7,106,132,5,1),(2459,1,104,132,6,1),(2460,3,104,132,6,1),(2461,4,104,132,2,1),(2462,5,104,132,6,1),(2463,7,104,132,6,1),(2464,1,2,133,2,1),(2465,3,2,133,2,1),(2466,4,2,133,2,1),(2467,5,2,133,2,1),(2468,7,2,133,2,1),(2469,1,97,133,4,1),(2470,3,97,133,3,1),(2471,4,97,133,1,1),(2472,5,97,133,3,1),(2473,7,97,133,1,1),(2474,1,105,133,3,1),(2475,3,105,133,1,1),(2476,4,105,133,5,1),(2477,5,105,133,1,1),(2478,7,105,133,4,1),(2479,1,106,133,1,1),(2480,3,106,133,4,1),(2481,4,106,133,4,1),(2482,5,106,133,4,1),(2483,7,106,133,5,1),(2484,1,98,133,6,1),(2485,3,98,133,5,1),(2486,4,98,133,3,1),(2487,5,98,133,5,1),(2488,7,98,133,3,1),(2489,1,82,133,5,1),(2490,3,82,133,6,1),(2491,4,82,133,6,1),(2492,5,82,133,6,1),(2493,7,82,133,6,1),(2494,1,96,137,1,1),(2495,3,96,137,2,1),(2496,4,96,137,1,1),(2497,5,96,137,2,1),(2498,7,96,137,1,1),(2499,1,5,137,2,1),(2500,3,5,137,3,1),(2501,4,5,137,2,1),(2502,5,5,137,3,1),(2503,7,5,137,2,1),(2504,1,105,137,3,1),(2505,3,105,137,1,1),(2506,4,105,137,3,1),(2507,5,105,137,1,1),(2508,7,105,137,3,1),(2509,1,105,136,2,1),(2510,3,105,136,1,1),(2511,4,105,136,4,1),(2512,5,105,136,1,1),(2513,7,105,136,2,1),(2514,1,96,136,1,1),(2515,3,96,136,2,1),(2516,4,96,136,1,1),(2517,5,96,136,2,1),(2518,7,96,136,4,1),(2519,1,99,136,3,1),(2520,3,99,136,3,1),(2521,4,99,136,2,1),(2522,5,99,136,4,1),(2523,7,99,136,1,1),(2524,1,100,136,5,1),(2525,3,100,136,5,1),(2526,4,100,136,6,1),(2527,5,100,136,3,1),(2528,7,100,136,3,1),(2529,1,102,136,6,1),(2530,3,102,136,3,1),(2531,4,102,136,3,1),(2532,5,102,136,5,1),(2533,7,102,136,5,1),(2534,1,101,136,4,1),(2535,3,101,136,4,1),(2536,4,101,136,5,1),(2537,5,101,136,6,1),(2538,7,101,136,6,1),(2539,1,96,135,1,1),(2540,3,96,135,1,1),(2541,4,96,135,1,1),(2542,5,96,135,3,1),(2543,7,96,135,1,1),(2544,1,105,135,4,1),(2545,3,105,135,2,1),(2546,4,105,135,6,1),(2547,5,105,135,1,1),(2548,7,105,135,2,1),(2549,1,106,135,3,1),(2550,3,106,135,6,1),(2551,4,106,135,2,1),(2552,5,106,135,4,1),(2553,7,106,135,3,1),(2554,1,2,135,5,1),(2555,3,2,135,4,1),(2556,4,2,135,3,1),(2557,5,2,135,2,1),(2558,7,2,135,4,1),(2559,1,5,135,2,1),(2560,3,5,135,5,1),(2561,4,5,135,5,1),(2562,5,5,135,6,1),(2563,7,5,135,5,1),(2564,1,82,135,6,1),(2565,3,82,135,3,1),(2566,4,82,135,4,1),(2567,5,82,135,7,1),(2568,7,82,135,6,1),(2569,1,103,135,7,1),(2570,3,103,135,7,1),(2571,4,103,135,7,1),(2572,5,103,135,5,1),(2573,7,103,135,7,1),(2574,1,31,163,1,1),(2575,3,31,163,1,1),(2576,4,31,163,2,1),(2577,5,31,163,1,1),(2578,7,31,163,1,1),(2579,1,65,163,4,1),(2580,3,65,163,2,1),(2581,4,65,163,1,1),(2582,5,65,163,2,1),(2583,7,65,163,2,1),(2584,1,107,163,2,1),(2585,3,107,163,3,1),(2586,4,107,163,6,1),(2587,5,107,163,3,1),(2588,7,107,163,3,1),(2589,1,60,163,3,1),(2590,3,60,163,6,1),(2591,4,60,163,3,1),(2592,5,60,163,4,1),(2593,7,60,163,4,1),(2594,1,22,163,5,1),(2595,3,22,163,4,1),(2596,4,22,163,4,1),(2597,5,22,163,6,1),(2598,7,22,163,5,1),(2599,1,105,163,6,1),(2600,3,105,163,5,1),(2601,4,105,163,5,1),(2602,5,105,163,5,1),(2603,7,105,163,6,1),(2619,1,65,166,1,1),(2620,3,65,166,1,1),(2621,4,65,166,2,1),(2622,5,65,166,1,1),(2623,7,65,166,2,1),(2624,1,31,166,2,1),(2625,3,31,166,2,1),(2626,4,31,166,1,1),(2627,5,31,166,2,1),(2628,7,31,166,3,1),(2629,1,107,166,3,1),(2630,3,107,166,3,1),(2631,4,107,166,3,1),(2632,5,107,166,3,1),(2633,7,107,166,1,1),(2634,1,16,166,4,1),(2635,3,16,166,4,1),(2636,4,16,166,4,1),(2637,5,16,166,4,1),(2638,7,16,166,4,1),(2639,1,31,165,1,1),(2640,3,31,165,1,1),(2641,4,31,165,1,1),(2642,5,31,165,1,1),(2643,7,31,165,2,1),(2644,1,65,165,2,1),(2645,3,65,165,2,1),(2646,4,65,165,2,1),(2647,5,65,165,2,1),(2648,7,65,165,3,1),(2649,1,107,165,3,1),(2650,3,107,165,3,1),(2651,4,107,165,3,1),(2652,5,107,165,3,1),(2653,7,107,165,1,1),(2654,1,16,165,4,1),(2655,3,16,165,4,1),(2656,4,16,165,4,1),(2657,5,16,165,4,1),(2658,7,16,165,4,1),(2659,1,31,164,1,1),(2660,3,31,164,1,1),(2661,4,31,164,1,1),(2662,5,31,164,2,1),(2663,7,31,164,1,1),(2664,1,65,164,3,1),(2665,3,65,164,2,1),(2666,4,65,164,3,1),(2667,5,65,164,1,1),(2668,7,65,164,2,1),(2669,1,60,164,2,1),(2670,3,60,164,3,1),(2671,4,60,164,2,1),(2672,5,60,164,3,1),(2673,7,60,164,3,1),(2674,1,105,164,4,1),(2675,3,105,164,4,1),(2676,4,105,164,4,1),(2677,5,105,164,4,1),(2678,7,105,164,4,1),(2679,7,60,197,1,1),(2680,6,60,197,4,1),(2681,2,60,197,3,1),(2682,3,60,197,1,1),(2683,1,60,197,1,1),(2684,7,65,197,3,1),(2685,6,65,197,1,1),(2686,2,65,197,1,1),(2687,3,65,197,2,1),(2688,1,65,197,3,1),(2689,7,105,197,2,1),(2690,6,105,197,2,1),(2691,2,105,197,2,1),(2692,3,105,197,4,1),(2693,1,105,197,4,1),(2694,7,31,197,4,1),(2695,6,31,197,3,1),(2696,2,31,197,4,1),(2697,3,31,197,3,1),(2698,1,31,197,2,1),(2699,7,65,199,2,1),(2700,6,65,199,3,1),(2701,2,65,199,1,1),(2702,3,65,199,1,1),(2703,1,65,199,2,1),(2704,7,109,199,1,1),(2705,6,109,199,2,1),(2706,2,109,199,2,1),(2707,3,109,199,2,1),(2708,1,109,199,3,1),(2709,7,31,199,3,1),(2710,6,31,199,1,1),(2711,2,31,199,3,1),(2712,3,31,199,3,1),(2713,1,31,199,1,1),(2714,7,60,198,1,1),(2715,6,60,198,2,1),(2716,2,60,198,1,1),(2717,3,60,198,2,1),(2718,1,60,198,2,1),(2719,7,108,198,2,1),(2720,6,108,198,1,1),(2721,2,108,198,2,1),(2722,3,108,198,3,1),(2723,1,108,198,1,1),(2724,7,31,198,4,1),(2725,6,31,198,3,1),(2726,2,31,198,4,1),(2727,3,31,198,1,1),(2728,1,31,198,3,1),(2729,7,105,198,3,1),(2730,6,105,198,4,1),(2731,2,105,198,3,1),(2732,3,105,198,4,1),(2733,1,105,198,4,1),(2734,7,65,200,1,1),(2735,6,65,200,1,1),(2736,2,65,200,1,1),(2737,3,65,200,1,1),(2738,1,65,200,1,1),(2739,7,109,200,2,1),(2740,6,109,200,2,1),(2741,2,109,200,2,1),(2742,3,109,200,2,1),(2743,1,109,200,2,1),(2744,7,65,201,1,1),(2745,6,65,201,1,1),(2746,2,65,201,1,1),(2747,3,65,201,1,1),(2748,1,65,201,1,1),(2749,7,109,201,2,1),(2750,6,109,201,2,1),(2751,2,109,201,2,1),(2752,3,109,201,2,1),(2753,1,109,201,2,1),(2754,7,33,192,1,1),(2755,6,33,192,3,1),(2756,2,33,192,1,1),(2757,3,33,192,1,1),(2758,1,33,192,1,1),(2759,7,110,192,5,1),(2760,6,110,192,1,1),(2761,2,110,192,3,1),(2762,3,110,192,2,1),(2763,1,110,192,2,1),(2764,7,105,192,2,1),(2765,6,105,192,2,1),(2766,2,105,192,2,1),(2767,3,105,192,3,1),(2768,1,105,192,3,1),(2769,7,2,192,4,1),(2770,6,2,192,4,1),(2771,2,2,192,5,1),(2772,3,2,192,6,1),(2773,1,2,192,5,1),(2774,7,5,192,3,1),(2775,6,5,192,6,1),(2776,2,5,192,4,1),(2777,3,5,192,5,1),(2778,1,5,192,6,1),(2779,7,7,192,6,1),(2780,6,7,192,5,1),(2781,2,7,192,6,1),(2782,3,7,192,4,1),(2783,1,7,192,4,1),(2784,7,20,192,7,1),(2785,6,20,192,7,1),(2786,2,20,192,7,1),(2787,3,20,192,7,1),(2788,1,20,192,7,1),(2789,7,33,193,1,1),(2790,6,33,193,1,1),(2791,2,33,193,1,1),(2792,3,33,193,1,1),(2793,1,33,193,1,1),(2794,7,110,193,2,1),(2795,6,110,193,2,1),(2796,2,110,193,2,1),(2797,3,110,193,2,1),(2798,1,110,193,4,1),(2799,7,105,193,5,1),(2800,6,105,193,3,1),(2801,2,105,193,5,1),(2802,3,105,193,4,1),(2803,1,105,193,2,1),(2804,7,5,193,6,1),(2805,6,5,193,4,1),(2806,2,5,193,3,1),(2807,3,5,193,5,1),(2808,1,5,193,8,1),(2809,7,2,193,4,1),(2810,6,2,193,6,1),(2811,2,2,193,4,1),(2812,3,2,193,7,1),(2813,1,2,193,5,1),(2814,7,92,193,3,1),(2815,6,92,193,5,1),(2816,2,92,193,8,1),(2817,3,92,193,8,1),(2818,1,92,193,6,1),(2819,7,7,193,8,1),(2820,6,7,193,7,1),(2821,2,7,193,7,1),(2822,3,7,193,3,1),(2823,1,7,193,3,1),(2824,7,111,193,7,1),(2825,6,111,193,8,1),(2826,2,111,193,6,1),(2827,3,111,193,6,1),(2828,1,111,193,7,1),(2829,7,33,194,1,1),(2830,6,33,194,3,1),(2831,2,33,194,1,1),(2832,3,33,194,2,1),(2833,1,33,194,1,1),(2834,7,110,194,2,1),(2835,6,110,194,2,1),(2836,2,110,194,3,1),(2837,3,110,194,3,1),(2838,1,110,194,3,1),(2839,7,109,194,4,1),(2840,6,109,194,4,1),(2841,2,109,194,2,1),(2842,3,109,194,1,1),(2843,1,109,194,4,1),(2844,7,31,194,5,1),(2845,6,31,194,1,1),(2846,2,31,194,6,1),(2847,3,31,194,4,1),(2848,1,31,194,2,1),(2849,7,5,194,3,1),(2850,6,5,194,5,1),(2851,2,5,194,4,1),(2852,3,5,194,6,1),(2853,1,5,194,5,1),(2854,7,2,194,6,1),(2855,6,2,194,6,1),(2856,2,2,194,5,1),(2857,3,2,194,7,1),(2858,1,2,194,7,1),(2859,7,20,194,7,1),(2860,6,20,194,7,1),(2861,2,20,194,7,1),(2862,3,20,194,5,1),(2863,1,20,194,6,1),(2864,7,112,195,1,1),(2865,6,112,195,1,1),(2866,2,112,195,1,1),(2867,3,112,195,1,1),(2868,1,112,195,2,1),(2869,7,113,195,2,1),(2870,6,113,195,3,1),(2871,2,113,195,3,1),(2872,3,113,195,2,1),(2873,1,113,195,1,1),(2874,7,5,195,3,1),(2875,6,5,195,2,1),(2876,2,5,195,2,1),(2877,3,5,195,3,1),(2878,1,5,195,3,1),(2879,7,109,196,3,1),(2880,6,109,196,1,1),(2881,2,109,196,3,1),(2882,3,109,196,1,1),(2883,1,109,196,1,1),(2884,7,110,196,2,1),(2885,6,110,196,5,1),(2886,2,110,196,1,1),(2887,3,110,196,2,1),(2888,1,110,196,2,1),(2889,7,5,196,5,1),(2890,6,5,196,2,1),(2891,2,5,196,2,1),(2892,3,5,196,3,1),(2893,1,5,196,5,1),(2894,7,113,196,1,1),(2895,6,113,196,3,1),(2896,2,113,196,5,1),(2897,3,113,196,5,1),(2898,1,113,196,3,1),(2899,7,2,196,4,1),(2900,6,2,196,4,1),(2901,2,2,196,4,1),(2902,3,2,196,4,1),(2903,1,2,196,4,1),(2929,1,7,187,1,1),(2930,2,7,187,4,1),(2931,4,7,187,1,1),(2932,6,7,187,5,1),(2933,7,7,187,1,1),(2934,1,1,187,3,1),(2935,2,1,187,1,1),(2936,4,1,187,5,1),(2937,6,1,187,1,1),(2938,7,1,187,6,1),(2939,1,2,187,4,1),(2940,2,2,187,3,1),(2941,4,2,187,2,1),(2942,6,2,187,4,1),(2943,7,2,187,2,1),(2944,1,114,187,2,1),(2945,2,114,187,6,1),(2946,4,114,187,3,1),(2947,6,114,187,2,1),(2948,7,114,187,5,1),(2949,1,5,187,5,1),(2950,2,5,187,2,1),(2951,4,5,187,4,1),(2952,6,5,187,6,1),(2953,7,5,187,3,1),(2954,1,6,187,6,1),(2955,2,6,187,5,1),(2956,4,6,187,6,1),(2957,6,6,187,3,1),(2958,7,6,187,4,1),(2959,1,1,189,1,1),(2960,2,1,189,1,1),(2961,4,1,189,2,1),(2962,6,1,189,1,1),(2963,7,1,189,1,1),(2964,1,5,189,2,1),(2965,2,5,189,2,1),(2966,4,5,189,6,1),(2967,6,5,189,6,1),(2968,7,5,189,3,1),(2969,1,114,189,3,1),(2970,2,114,189,6,1),(2971,4,114,189,7,1),(2972,6,114,189,2,1),(2973,7,114,189,2,1),(2974,1,2,189,8,1),(2975,2,2,189,4,1),(2976,4,2,189,4,1),(2977,6,2,189,3,1),(2978,7,2,189,4,1),(2979,1,6,189,4,1),(2980,2,6,189,5,1),(2981,4,6,189,5,1),(2982,6,6,189,4,1),(2983,7,6,189,5,1),(2984,1,9,189,5,1),(2985,2,9,189,3,1),(2986,4,9,189,1,1),(2987,6,9,189,5,1),(2988,7,9,189,7,1),(2989,1,71,189,6,1),(2990,2,71,189,7,1),(2991,4,71,189,3,1),(2992,6,71,189,7,1),(2993,7,71,189,8,1),(2994,1,115,189,7,1),(2995,2,115,189,8,1),(2996,4,115,189,8,1),(2997,6,115,189,8,1),(2998,7,115,189,6,1),(2999,1,1,188,1,1),(3000,2,1,188,1,1),(3001,4,1,188,3,1),(3002,6,1,188,1,1),(3003,7,1,188,3,1),(3004,1,5,188,4,1),(3005,2,5,188,2,1),(3006,4,5,188,2,1),(3007,6,5,188,5,1),(3008,7,5,188,2,1),(3009,1,2,188,2,1),(3010,2,2,188,3,1),(3011,4,2,188,5,1),(3012,6,2,188,2,1),(3013,7,2,188,4,1),(3014,1,9,188,5,1),(3015,2,9,188,4,1),(3016,4,9,188,1,1),(3017,6,9,188,4,1),(3018,7,9,188,1,1),(3019,1,7,188,3,1),(3020,2,7,188,5,1),(3021,4,7,188,4,1),(3022,6,7,188,3,1),(3023,7,7,188,6,1),(3024,1,116,188,6,1),(3025,2,116,188,6,1),(3026,4,116,188,6,1),(3027,6,116,188,6,1),(3028,7,116,188,5,1),(3029,1,6,190,1,1),(3030,2,6,190,1,1),(3031,3,6,190,3,1),(3032,4,6,190,2,1),(3033,6,6,190,3,1),(3034,1,113,190,3,1),(3035,2,113,190,5,1),(3036,3,113,190,1,1),(3037,4,113,190,3,1),(3038,6,113,190,1,1),(3039,1,117,190,2,1),(3040,2,117,190,3,1),(3041,3,117,190,5,1),(3042,4,117,190,1,1),(3043,6,117,190,6,1),(3044,1,9,190,4,1),(3045,2,9,190,4,1),(3046,3,9,190,2,1),(3047,4,9,190,4,1),(3048,6,9,190,2,1),(3049,1,5,190,5,1),(3050,2,5,190,2,1),(3051,3,5,190,4,1),(3052,4,5,190,5,1),(3053,6,5,190,5,1),(3054,1,118,190,6,1),(3055,2,118,190,6,1),(3056,3,118,190,6,1),(3057,4,118,190,6,1),(3058,6,118,190,4,1),(3059,1,119,190,7,1),(3060,2,119,190,7,1),(3061,3,119,190,7,1),(3062,4,119,190,7,1),(3063,6,119,190,7,1),(3064,1,1,191,2,1),(3065,2,1,191,1,1),(3066,3,1,191,1,1),(3067,4,1,191,8,1),(3068,6,1,191,1,1),(3069,1,9,191,1,1),(3070,2,9,191,2,1),(3071,3,9,191,5,1),(3072,4,9,191,3,1),(3073,6,9,191,5,1),(3074,1,113,191,3,1),(3075,2,113,191,6,1),(3076,3,113,191,2,1),(3077,4,113,191,7,1),(3078,6,113,191,2,1),(3079,1,2,191,5,1),(3080,2,2,191,5,1),(3081,3,2,191,3,1),(3082,4,2,191,4,1),(3083,6,2,191,4,1),(3084,1,118,191,4,1),(3085,2,118,191,7,1),(3086,3,118,191,6,1),(3087,4,118,191,5,1),(3088,6,118,191,3,1),(3089,1,5,191,7,1),(3090,2,5,191,3,1),(3091,3,5,191,4,1),(3092,4,5,191,6,1),(3093,6,5,191,6,1),(3094,1,117,191,8,1),(3095,2,117,191,4,1),(3096,3,117,191,7,1),(3097,4,117,191,1,1),(3098,6,117,191,7,1),(3099,1,119,191,6,1),(3100,2,119,191,8,1),(3101,3,119,191,8,1),(3102,4,119,191,2,1),(3103,6,119,191,8,1),(3104,1,126,142,1,1),(3105,2,126,142,1,1),(3106,3,126,142,1,1),(3107,6,126,142,1,1),(3108,7,126,142,1,1),(3109,1,71,142,2,1),(3110,2,71,142,2,1),(3111,3,71,142,2,1),(3112,6,71,142,2,1),(3113,7,71,142,2,1),(3114,1,2,155,3,1),(3115,2,2,155,1,1),(3116,3,2,155,1,1),(3117,6,2,155,2,1),(3118,7,2,155,2,1),(3119,1,1,155,1,1),(3120,2,1,155,2,1),(3121,3,1,155,2,1),(3122,6,1,155,1,1),(3123,7,1,155,3,1),(3124,1,6,155,7,1),(3125,2,6,155,3,1),(3126,3,6,155,4,1),(3127,6,6,155,3,1),(3128,7,6,155,4,1),(3129,1,7,155,5,1),(3130,2,7,155,5,1),(3131,3,7,155,5,1),(3132,6,7,155,4,1),(3133,7,7,155,1,1),(3134,1,127,155,6,1),(3135,2,127,155,7,1),(3136,3,127,155,3,1),(3137,6,127,155,5,1),(3138,7,127,155,5,1),(3139,1,3,155,4,1),(3140,2,3,155,6,1),(3141,3,3,155,6,1),(3142,6,3,155,7,1),(3143,7,3,155,6,1),(3144,1,128,155,2,1),(3145,2,128,155,4,1),(3146,3,128,155,7,1),(3147,6,128,155,6,1),(3148,7,128,155,7,1),(3149,1,1,158,1,1),(3150,2,1,158,1,1),(3151,3,1,158,1,1),(3152,6,1,158,1,1),(3153,7,1,158,1,1),(3154,1,2,158,3,1),(3155,2,2,158,3,1),(3156,3,2,158,3,1),(3157,6,2,158,4,1),(3158,7,2,158,2,1),(3159,1,127,158,5,1),(3160,2,127,158,2,1),(3161,3,127,158,2,1),(3162,6,127,158,5,1),(3163,7,127,158,3,1),(3164,1,6,158,7,1),(3165,2,6,158,4,1),(3166,3,6,158,4,1),(3167,6,6,158,7,1),(3168,7,6,158,4,1),(3169,1,3,158,2,1),(3170,2,3,158,5,1),(3171,3,3,158,7,1),(3172,6,3,158,2,1),(3173,7,3,158,6,1),(3174,1,129,158,4,1),(3175,2,129,158,7,1),(3176,3,129,158,5,1),(3177,6,129,158,3,1),(3178,7,129,158,7,1),(3179,1,13,158,6,1),(3180,2,13,158,6,1),(3181,3,13,158,6,1),(3182,6,13,158,6,1),(3183,7,13,158,5,1),(3184,1,1,157,1,1),(3185,2,1,157,1,1),(3186,3,1,157,1,1),(3187,6,1,157,1,1),(3188,7,1,157,1,1),(3189,1,6,157,5,1),(3190,2,6,157,3,1),(3191,3,6,157,2,1),(3192,6,6,157,3,1),(3193,7,6,157,3,1),(3194,1,2,157,2,1),(3195,2,2,157,5,1),(3196,3,2,157,4,1),(3197,6,2,157,4,1),(3198,7,2,157,2,1),(3199,1,3,157,3,1),(3200,2,3,157,4,1),(3201,3,3,157,5,1),(3202,6,3,157,2,1),(3203,7,3,157,5,1),(3204,1,127,157,6,1),(3205,2,127,157,6,1),(3206,3,127,157,3,1),(3207,6,127,157,5,1),(3208,7,127,157,4,1),(3209,1,130,157,4,1),(3210,2,130,157,2,1),(3211,3,130,157,6,1),(3212,6,130,157,6,1),(3213,7,130,157,6,1),(3214,1,1,156,2,1),(3215,2,1,156,1,1),(3216,3,1,156,1,1),(3217,6,1,156,1,1),(3218,7,1,156,1,1),(3219,1,9,156,3,1),(3220,2,9,156,2,1),(3221,3,9,156,3,1),(3222,6,9,156,2,1),(3223,7,9,156,6,1),(3224,1,2,156,4,1),(3225,2,2,156,3,1),(3226,3,2,156,6,1),(3227,6,2,156,5,1),(3228,7,2,156,2,1),(3229,1,7,156,6,1),(3230,2,7,156,6,1),(3231,3,7,156,4,1),(3232,6,7,156,4,1),(3233,7,7,156,4,1),(3234,1,131,156,1,1),(3235,2,131,156,5,1),(3236,3,131,156,7,1),(3237,6,131,156,7,1),(3238,7,131,156,5,1),(3239,1,5,156,5,1),(3240,2,5,156,4,1),(3241,3,5,156,8,1),(3242,6,5,156,8,1),(3243,7,5,156,3,1),(3244,1,6,156,7,1),(3245,2,6,156,7,1),(3246,3,6,156,5,1),(3247,6,6,156,3,1),(3248,7,6,156,7,1),(3249,1,127,156,8,1),(3250,2,127,156,8,1),(3251,3,127,156,2,1),(3252,6,127,156,6,1),(3253,7,127,156,8,1),(3254,1,68,139,1,1),(3255,2,68,139,1,1),(3256,3,68,139,1,1),(3257,6,68,139,2,1),(3258,7,68,139,1,1),(3259,1,125,139,2,1),(3260,2,125,139,4,1),(3261,3,125,139,2,1),(3262,6,125,139,3,1),(3263,7,125,139,2,1),(3264,1,126,139,3,1),(3265,2,126,139,2,1),(3266,3,126,139,3,1),(3267,6,126,139,1,1),(3268,7,126,139,3,1),(3269,1,71,139,4,1),(3270,2,71,139,3,1),(3271,3,71,139,4,1),(3272,6,71,139,4,1),(3273,7,71,139,4,1),(3274,1,107,159,1,1),(3275,2,107,159,1,1),(3276,3,107,159,2,1),(3277,6,107,159,3,1),(3278,7,107,159,1,1),(3279,1,31,159,2,1),(3280,2,31,159,2,1),(3281,3,31,159,1,1),(3282,6,31,159,1,1),(3283,7,31,159,2,1),(3284,1,33,159,3,1),(3285,2,33,159,3,1),(3286,3,33,159,5,1),(3287,6,33,159,4,1),(3288,7,33,159,3,1),(3289,1,6,159,5,1),(3290,2,6,159,4,1),(3291,3,6,159,4,1),(3292,6,6,159,5,1),(3293,7,6,159,5,1),(3294,1,22,159,6,1),(3295,2,22,159,5,1),(3296,3,22,159,3,1),(3297,6,22,159,6,1),(3298,7,22,159,4,1),(3299,1,17,159,4,1),(3300,2,17,159,6,1),(3301,3,17,159,6,1),(3302,6,17,159,2,1),(3303,7,17,159,6,1),(3304,1,31,162,1,1),(3305,2,31,162,2,1),(3306,3,31,162,1,1),(3307,6,31,162,1,1),(3308,7,31,162,1,1),(3309,1,107,162,2,1),(3310,2,107,162,1,1),(3311,3,107,162,2,1),(3312,6,107,162,4,1),(3313,7,107,162,2,1),(3314,1,33,162,3,1),(3315,2,33,162,3,1),(3316,3,33,162,3,1),(3317,6,33,162,3,1),(3318,7,33,162,3,1),(3319,1,17,162,5,1),(3320,2,17,162,4,1),(3321,3,17,162,6,1),(3322,6,17,162,2,1),(3323,7,17,162,5,1),(3324,1,2,162,4,1),(3325,2,2,162,5,1),(3326,3,2,162,5,1),(3327,6,2,162,6,1),(3328,7,2,162,4,1),(3329,1,22,162,6,1),(3330,2,22,162,6,1),(3331,3,22,162,4,1),(3332,6,22,162,5,1),(3333,7,22,162,6,1),(3334,1,107,161,2,1),(3335,2,107,161,1,1),(3336,3,107,161,1,1),(3337,6,107,161,3,1),(3338,7,107,161,1,1),(3339,1,31,161,1,1),(3340,2,31,161,2,1),(3341,3,31,161,2,1),(3342,6,31,161,1,1),(3343,7,31,161,2,1),(3344,1,33,161,3,1),(3345,2,33,161,6,1),(3346,3,33,161,6,1),(3347,6,33,161,2,1),(3348,7,33,161,3,1),(3349,1,2,161,4,1),(3350,2,2,161,4,1),(3351,3,2,161,5,1),(3352,6,2,161,4,1),(3353,7,2,161,4,1),(3354,1,22,161,5,1),(3355,2,22,161,5,1),(3356,3,22,161,4,1),(3357,6,22,161,5,1),(3358,7,22,161,6,1),(3359,1,19,161,6,1),(3360,2,19,161,3,1),(3361,3,19,161,3,1),(3362,6,19,161,6,1),(3363,7,19,161,5,1),(3364,7,31,160,1,1),(3365,6,31,160,1,1),(3366,2,31,160,2,1),(3367,3,31,160,1,1),(3368,1,31,160,1,1),(3369,7,107,160,3,1),(3370,6,107,160,2,1),(3371,2,107,160,1,1),(3372,3,107,160,2,1),(3373,1,107,160,2,1),(3374,7,33,160,2,1),(3375,6,33,160,5,1),(3376,2,33,160,3,1),(3377,3,33,160,3,1),(3378,1,33,160,3,1),(3379,7,17,160,6,1),(3380,6,17,160,3,1),(3381,2,17,160,5,1),(3382,3,17,160,4,1),(3383,1,17,160,5,1),(3384,7,7,160,5,1),(3385,6,7,160,4,1),(3386,2,7,160,4,1),(3387,3,7,160,6,1),(3388,1,7,160,6,1),(3389,7,2,160,4,1),(3390,6,2,160,6,1),(3391,2,2,160,6,1),(3392,3,2,160,5,1),(3393,1,2,160,4,1),(3394,1,63,167,1,1),(3395,2,63,167,1,1),(3396,3,63,167,2,1),(3397,4,63,167,2,1),(3398,6,63,167,1,1),(3399,1,120,167,2,1),(3400,2,120,167,2,1),(3401,3,120,167,1,1),(3402,4,120,167,1,1),(3403,6,120,167,2,1),(3404,1,71,169,1,1),(3405,2,71,169,1,1),(3406,3,71,169,1,1),(3407,4,71,169,1,1),(3408,6,71,169,1,1),(3409,1,121,169,3,1),(3410,2,121,169,2,1),(3411,3,121,169,2,1),(3412,4,121,169,2,1),(3413,6,121,169,2,1),(3414,1,122,169,2,1),(3415,2,122,169,3,1),(3416,3,122,169,3,1),(3417,4,122,169,3,1),(3418,6,122,169,3,1),(3419,1,71,168,2,1),(3420,2,71,168,2,1),(3421,3,71,168,1,1),(3422,4,71,168,1,1),(3423,6,71,168,1,1),(3424,1,123,168,3,1),(3425,2,123,168,1,1),(3426,3,123,168,2,1),(3427,4,123,168,2,1),(3428,6,123,168,3,1),(3429,1,62,168,1,1),(3430,2,62,168,3,1),(3431,3,62,168,3,1),(3432,4,62,168,3,1),(3433,6,62,168,2,1),(3434,1,124,170,1,1),(3435,2,124,170,1,1),(3436,3,124,170,1,1),(3437,4,124,170,1,1),(3438,6,124,170,1,1);
/*!40000 ALTER TABLE `scores` ENABLE KEYS */;
UNLOCK TABLES;

--
-- Temporary view structure for view `second_place`
--

DROP TABLE IF EXISTS `second_place`;
/*!50001 DROP VIEW IF EXISTS `second_place`*/;
SET @saved_cs_client     = @@character_set_client;
/*!50503 SET character_set_client = utf8mb4 */;
/*!50001 CREATE VIEW `second_place` AS SELECT 
 1 AS `Score`,
 1 AS `Dancers`,
 1 AS `Judge`,
 1 AS `Style`,
 1 AS `Competition`*/;
SET character_set_client = @saved_cs_client;

--
-- Table structure for table `style`
--

DROP TABLE IF EXISTS `style`;
/*!40101 SET @saved_cs_client     = @@character_set_client */;
/*!50503 SET character_set_client = utf8mb4 */;
CREATE TABLE `style` (
  `id` int NOT NULL AUTO_INCREMENT,
  `name` varchar(100) NOT NULL,
  PRIMARY KEY (`id`)
) ENGINE=InnoDB AUTO_INCREMENT=202 DEFAULT CHARSET=utf8mb4 COLLATE=utf8mb4_0900_ai_ci;
/*!40101 SET character_set_client = @saved_cs_client */;

--
-- Dumping data for table `style`
--

LOCK TABLES `style` WRITE;
/*!40000 ALTER TABLE `style` DISABLE KEYS */;
INSERT INTO `style` VALUES (1,'Beginning International Standard Waltz'),(2,'Beginning International Standard Viennese Waltz'),(3,'Beginning International Standard Tango'),(4,'Beginning International Standard Quickstep'),(5,'Beginning International Standard Foxtrot'),(19,'Intermediate International Standard Waltz'),(20,'Intermediate International Standard Tango'),(21,'Intermediate International Standard Viennese Waltz'),(22,'Intermediate International Standard Foxtrot'),(23,'Intermediate International Standard Quickstep'),(24,'Silver International Standard Waltz'),(25,'Silver International Standard Tango'),(26,'Silver International Standard Viennese Waltz'),(27,'Silver International Standard Foxtrot'),(28,'Silver International Standard Quickstep'),(29,'Gold International Standard Waltz'),(30,'Gold International Standard Tango'),(31,'Gold International Standard Viennese Waltz'),(32,'Gold International Standard Foxtrot'),(33,'Gold International Standard Quickstep'),(34,'Silver International Latin Cha Cha'),(35,'Silver International Latin Samba'),(36,'Silver International Latin Rumba'),(37,'Silver International Latin Paso Doble'),(38,'Silver International Latin Jive'),(39,'Gold International Latin Cha Cha'),(40,'Gold International Latin Samba'),(41,'Gold International Latin Rumba'),(42,'Gold International Latin Jive'),(43,'Gold International Latin Paso Doble'),(44,'Bronze International Standard Waltz'),(45,'Bronze International Standard Tango'),(46,'Bronze International Standard Viennese Waltz'),(47,'Bronze International Standard Foxtrot'),(48,'Bronze International Standard Quickstep'),(49,'Bronze International Latin Cha Cha'),(59,'Bronze International Latin Rumba'),(60,'Bronze International Latin Samba'),(61,'Bronze International Latin Paso Doble'),(62,'Bronze International Latin Jive'),(63,'Newcomer International Latin Cha Cha'),(64,'Newcomer International Latin Rumba'),(65,'Newcomer International Latin Samba'),(66,'Newcomer International Latin Paso Doble'),(67,'Newcomer International Latin Jive'),(68,'Newcomer International Standard Waltz'),(69,'Newcomer International Standard Tango'),(70,'Newcomer International Standard Viennese Waltz'),(71,'Newcomer International Standard Foxtrot'),(72,'Newcomer International Standard Quickstep'),(73,'Advanced International Standard Waltz'),(74,'Advanced International Standard Tango'),(75,'Advanced International Standard Viennese Waltz'),(76,'Advanced International Standard Foxtrot'),(77,'Advanced International Standard Quickstep'),(88,'Advanced International Latin Cha Cha'),(89,'Advanced International Latin Rumba'),(90,'Advanced International Latin Samba'),(91,'Advanced International Latin Paso Doble'),(92,'Advanced International Latin Jive'),(93,'Beginning International Latin Cha Cha'),(94,'Beginning International Latin Rumba'),(95,'Beginning International Latin Samba'),(96,'Beginning International Latin Paso Doble'),(97,'Beginning International Latin Jive'),(98,'Intermediate International Latin Cha Cha'),(99,'Intermediate International Latin Rumba'),(100,'Intermediate International Latin Samba'),(101,'Intermediate International Latin Paso Doble'),(102,'Intermediate International Latin Jive'),(103,'Advanced Social Salsa'),(104,'Advanced Social Bachata'),(105,'Advanced Social Jitterbug'),(106,'Advanced Social Merengue'),(107,'Advanced Social West Coast Swing'),(108,'Advanced Social Zouk'),(109,'Advanced Social Argentine Tango'),(110,'Advanced Social Hustle'),(111,'Advanced Social Lindy Hop'),(112,'Advanced Social Cumbia'),(113,'Newcomer Social Salsa'),(114,'Newcomer Social Bachata'),(115,'Newcomer Social Jitterbug'),(116,'Newcomer Social Merengue'),(117,'Newcomer Social West Coast Swing'),(118,'Newcomer Social Zouk'),(119,'Newcomer Social Argentine Tango'),(120,'Newcomer Social Hustle'),(121,'Newcomer Social Lindy Hop'),(122,'Newcomer Social Cumbia'),(123,'Newcomer Country Western Cha Cha'),(124,'Newcomer Country Western Waltz'),(125,'Newcomer Country Western Two Step'),(126,'Newcomer Country Western West Coast Swing'),(127,'Newcomer Country Western Polka'),(128,'Newcomer Country Western Nightclub'),(129,'Newcomer Country Western Triple Two'),(130,'Newcomer Country Western East Coast Swing'),(131,'Advanced Country Western Cha Cha'),(132,'Advanced Country Western Waltz'),(133,'Advanced Country Western Two Step'),(134,'Advanced Country Western West Coast Swing'),(135,'Advanced Country Western Polka'),(136,'Advanced Country Western Nightclub'),(137,'Advanced Country Western Triple Two'),(138,'Advanced Country Western East Coast Swing'),(139,'Newcomer American Smooth Waltz'),(140,'Newcomer American Smooth Viennese Waltz'),(141,'Newcomer American Smooth Foxtrot'),(142,'Newcomer American Smooth Tango'),(143,'Bronze American Smooth Waltz'),(144,'Bronze American Smooth Viennese Waltz'),(145,'Bronze American Smooth Foxtrot'),(146,'Bronze American Smooth Tango'),(147,'Silver American Smooth Waltz'),(148,'Silver American Smooth Viennese Waltz'),(149,'Silver American Smooth Foxtrot'),(150,'Silver American Smooth Tango'),(151,'Gold American Smooth Waltz'),(152,'Gold American Smooth Viennese Waltz'),(153,'Gold American Smooth Foxtrot'),(154,'Gold American Smooth Tango'),(155,'Beginning American Smooth Waltz'),(156,'Beginning American Smooth Viennese Waltz'),(157,'Beginning American Smooth Foxtrot'),(158,'Beginning American Smooth Tango'),(159,'Intermediate American Smooth Waltz'),(160,'Intermediate American Smooth Viennese Waltz'),(161,'Intermediate American Smooth Foxtrot'),(162,'Intermediate American Smooth Tango'),(163,'Advanced American Smooth Waltz'),(164,'Advanced American Smooth Viennese Waltz'),(165,'Advanced American Smooth Foxtrot'),(166,'Advanced American Smooth Tango'),(167,'Newcomer American Rhythm Cha Cha'),(168,'Newcomer American Rhythm East Coast Swing'),(169,'Newcomer American Rhythm Rumba'),(170,'Newcomer American Rhythm Bolero'),(171,'Newcomer American Rhythm Mambo'),(172,'Bronze American Rhythm Cha Cha'),(173,'Bronze American Rhythm East Coast Swing'),(174,'Bronze American Rhythm Rumba'),(175,'Bronze American Rhythm Bolero'),(176,'Bronze American Rhythm Mambo'),(177,'Silver American Rhythm Cha Cha'),(178,'Silver American Rhythm East Coast Swing'),(179,'Silver American Rhythm Rumba'),(180,'Silver American Rhythm Bolero'),(181,'Silver American Rhythm Mambo'),(182,'Gold American Rhythm Cha Cha'),(183,'Gold American Rhythm East Coast Swing'),(184,'Gold American Rhythm Rumba'),(185,'Gold American Rhythm Bolero'),(186,'Gold American Rhythm Mambo'),(187,'Beginning American Rhythm Cha Cha'),(188,'Beginning American Rhythm East Coast Swing'),(189,'Beginning American Rhythm Rumba'),(190,'Beginning American Rhythm Bolero'),(191,'Beginning American Rhythm Mambo'),(192,'Intermediate American Rhythm Cha Cha'),(193,'Intermediate American Rhythm East Coast Swing'),(194,'Intermediate American Rhythm Rumba'),(195,'Intermediate American Rhythm Bolero'),(196,'Intermediate American Rhythm Mambo'),(197,'Advanced American Rhythm Cha Cha'),(198,'Advanced American Rhythm East Coast Swing'),(199,'Advanced American Rhythm Rumba'),(200,'Advanced American Rhythm Bolero'),(201,'Advanced American Rhythm Mambo');
/*!40000 ALTER TABLE `style` ENABLE KEYS */;
UNLOCK TABLES;

--
-- Temporary view structure for view `third_place`
--

DROP TABLE IF EXISTS `third_place`;
/*!50001 DROP VIEW IF EXISTS `third_place`*/;
SET @saved_cs_client     = @@character_set_client;
/*!50503 SET character_set_client = utf8mb4 */;
/*!50001 CREATE VIEW `third_place` AS SELECT 
 1 AS `Score`,
 1 AS `Dancers`,
 1 AS `Judge`,
 1 AS `Style`,
 1 AS `Competition`*/;
SET character_set_client = @saved_cs_client;

--
-- Final view structure for view `fifth_place`
--

/*!50001 DROP VIEW IF EXISTS `fifth_place`*/;
/*!50001 SET @saved_cs_client          = @@character_set_client */;
/*!50001 SET @saved_cs_results         = @@character_set_results */;
/*!50001 SET @saved_col_connection     = @@collation_connection */;
/*!50001 SET character_set_client      = utf8mb4 */;
/*!50001 SET character_set_results     = utf8mb4 */;
/*!50001 SET collation_connection      = utf8mb4_0900_ai_ci */;
/*!50001 CREATE ALGORITHM=UNDEFINED */
/*!50013 DEFINER=`root`@`localhost` SQL SECURITY DEFINER */
/*!50001 VIEW `fifth_place` AS select `scores`.`score` AS `Score`,`people`.`name` AS `Dancers`,`judges`.`name` AS `Judge`,`style`.`name` AS `Style`,`comp`.`name` AS `Competition` from ((((`scores` join `people` on((`scores`.`people_id` = `people`.`id`))) join `judges` on((`scores`.`judge_id` = `judges`.`id`))) join `style` on((`scores`.`style_id` = `style`.`id`))) join `comp` on((`scores`.`comp_id` = `comp`.`id`))) where (`scores`.`score` = 5) */;
/*!50001 SET character_set_client      = @saved_cs_client */;
/*!50001 SET character_set_results     = @saved_cs_results */;
/*!50001 SET collation_connection      = @saved_col_connection */;

--
-- Final view structure for view `first_place`
--

/*!50001 DROP VIEW IF EXISTS `first_place`*/;
/*!50001 SET @saved_cs_client          = @@character_set_client */;
/*!50001 SET @saved_cs_results         = @@character_set_results */;
/*!50001 SET @saved_col_connection     = @@collation_connection */;
/*!50001 SET character_set_client      = utf8mb4 */;
/*!50001 SET character_set_results     = utf8mb4 */;
/*!50001 SET collation_connection      = utf8mb4_0900_ai_ci */;
/*!50001 CREATE ALGORITHM=UNDEFINED */
/*!50013 DEFINER=`root`@`localhost` SQL SECURITY DEFINER */
/*!50001 VIEW `first_place` AS select `scores`.`score` AS `Score`,`people`.`name` AS `Dancers`,`judges`.`name` AS `Judge`,`style`.`name` AS `Style`,`comp`.`name` AS `Competition` from ((((`scores` join `people` on((`scores`.`people_id` = `people`.`id`))) join `judges` on((`scores`.`judge_id` = `judges`.`id`))) join `style` on((`scores`.`style_id` = `style`.`id`))) join `comp` on((`scores`.`comp_id` = `comp`.`id`))) where (`scores`.`score` = 1) */;
/*!50001 SET character_set_client      = @saved_cs_client */;
/*!50001 SET character_set_results     = @saved_cs_results */;
/*!50001 SET collation_connection      = @saved_col_connection */;

--
-- Final view structure for view `fourth_place`
--

/*!50001 DROP VIEW IF EXISTS `fourth_place`*/;
/*!50001 SET @saved_cs_client          = @@character_set_client */;
/*!50001 SET @saved_cs_results         = @@character_set_results */;
/*!50001 SET @saved_col_connection     = @@collation_connection */;
/*!50001 SET character_set_client      = utf8mb4 */;
/*!50001 SET character_set_results     = utf8mb4 */;
/*!50001 SET collation_connection      = utf8mb4_0900_ai_ci */;
/*!50001 CREATE ALGORITHM=UNDEFINED */
/*!50013 DEFINER=`root`@`localhost` SQL SECURITY DEFINER */
/*!50001 VIEW `fourth_place` AS select `scores`.`score` AS `Score`,`people`.`name` AS `Dancers`,`judges`.`name` AS `Judge`,`style`.`name` AS `Style`,`comp`.`name` AS `Competition` from ((((`scores` join `people` on((`scores`.`people_id` = `people`.`id`))) join `judges` on((`scores`.`judge_id` = `judges`.`id`))) join `style` on((`scores`.`style_id` = `style`.`id`))) join `comp` on((`scores`.`comp_id` = `comp`.`id`))) where (`scores`.`score` = 4) */;
/*!50001 SET character_set_client      = @saved_cs_client */;
/*!50001 SET character_set_results     = @saved_cs_results */;
/*!50001 SET collation_connection      = @saved_col_connection */;

--
-- Final view structure for view `second_place`
--

/*!50001 DROP VIEW IF EXISTS `second_place`*/;
/*!50001 SET @saved_cs_client          = @@character_set_client */;
/*!50001 SET @saved_cs_results         = @@character_set_results */;
/*!50001 SET @saved_col_connection     = @@collation_connection */;
/*!50001 SET character_set_client      = utf8mb4 */;
/*!50001 SET character_set_results     = utf8mb4 */;
/*!50001 SET collation_connection      = utf8mb4_0900_ai_ci */;
/*!50001 CREATE ALGORITHM=UNDEFINED */
/*!50013 DEFINER=`root`@`localhost` SQL SECURITY DEFINER */
/*!50001 VIEW `second_place` AS select `scores`.`score` AS `Score`,`people`.`name` AS `Dancers`,`judges`.`name` AS `Judge`,`style`.`name` AS `Style`,`comp`.`name` AS `Competition` from ((((`scores` join `people` on((`scores`.`people_id` = `people`.`id`))) join `judges` on((`scores`.`judge_id` = `judges`.`id`))) join `style` on((`scores`.`style_id` = `style`.`id`))) join `comp` on((`scores`.`comp_id` = `comp`.`id`))) where (`scores`.`score` = 2) */;
/*!50001 SET character_set_client      = @saved_cs_client */;
/*!50001 SET character_set_results     = @saved_cs_results */;
/*!50001 SET collation_connection      = @saved_col_connection */;

--
-- Final view structure for view `third_place`
--

/*!50001 DROP VIEW IF EXISTS `third_place`*/;
/*!50001 SET @saved_cs_client          = @@character_set_client */;
/*!50001 SET @saved_cs_results         = @@character_set_results */;
/*!50001 SET @saved_col_connection     = @@collation_connection */;
/*!50001 SET character_set_client      = utf8mb4 */;
/*!50001 SET character_set_results     = utf8mb4 */;
/*!50001 SET collation_connection      = utf8mb4_0900_ai_ci */;
/*!50001 CREATE ALGORITHM=UNDEFINED */
/*!50013 DEFINER=`root`@`localhost` SQL SECURITY DEFINER */
/*!50001 VIEW `third_place` AS select `scores`.`score` AS `Score`,`people`.`name` AS `Dancers`,`judges`.`name` AS `Judge`,`style`.`name` AS `Style`,`comp`.`name` AS `Competition` from ((((`scores` join `people` on((`scores`.`people_id` = `people`.`id`))) join `judges` on((`scores`.`judge_id` = `judges`.`id`))) join `style` on((`scores`.`style_id` = `style`.`id`))) join `comp` on((`scores`.`comp_id` = `comp`.`id`))) where (`scores`.`score` = 3) */;
/*!50001 SET character_set_client      = @saved_cs_client */;
/*!50001 SET character_set_results     = @saved_cs_results */;
/*!50001 SET collation_connection      = @saved_col_connection */;
/*!40103 SET TIME_ZONE=@OLD_TIME_ZONE */;

/*!40101 SET SQL_MODE=@OLD_SQL_MODE */;
/*!40014 SET FOREIGN_KEY_CHECKS=@OLD_FOREIGN_KEY_CHECKS */;
/*!40014 SET UNIQUE_CHECKS=@OLD_UNIQUE_CHECKS */;
/*!40101 SET CHARACTER_SET_CLIENT=@OLD_CHARACTER_SET_CLIENT */;
/*!40101 SET CHARACTER_SET_RESULTS=@OLD_CHARACTER_SET_RESULTS */;
/*!40101 SET COLLATION_CONNECTION=@OLD_COLLATION_CONNECTION */;
/*!40111 SET SQL_NOTES=@OLD_SQL_NOTES */;

-- Dump completed on 2024-11-07 15:15:20
